Id,Username,Text,Created At,Retweets,Likes,Quote_count,Reply_count,View_count
1933959917620097437,Lemon Argentina,"Hay 4 millones de pesos en BTC esperando. 

El ranking sigue moviÃ©ndose. TodavÃ­a estÃ¡s a tiempo de referir, sumar y pelear el primer lugar.

ğŸ“ Pasale tu $lemontag a tus amigos que todavÃ­a no tienen Lemon.",Sat Jun 14 18:49:10 +0000 2025,0,10,0,1,2977
1933696713212244268,Lemon Argentina,"Â¿FestejÃ¡s el DÃ­a del Padre? ğŸ

Si vas a comprar el regalo, organizar el asado o invitar un cafÃ©, prestÃ¡ atenciÃ³n:

ğŸ‘‰ Pagando con tu Lemon Card este finde podÃ©s ganarte el 100% de cashback en la compra mÃ¡s alta. Te puede salir GRATIS âœ… https://t.co/1b0yeSGdqp",Sat Jun 14 01:23:17 +0000 2025,0,12,1,1,5172
1933547126358757616,Lemon Argentina,El sistema se actualiza ğŸ¤³ğŸ”œ https://t.co/A9wznn194z,Fri Jun 13 15:28:53 +0000 2025,1,26,1,7,2701
1933346828549775744,Lemon Argentina,"Por si se preguntaban cuÃ¡nto falta para el prÃ³ximo halving de Bitcoin, venimos asÃ­ ğŸ‘‡ğŸ»

â–“â–“â–“â–“â–“â–‘â–‘â–‘â–‘â–‘â–‘â–‘â–‘â–‘â–‘â–‘â–‘â–‘â–‘â–‘â–‘ 29%

Bloque actual: 901.009
Bloque del halving: 1.050.000
Bloques restantes: 148.991
Fecha estimada: 12 de abril de 2028",Fri Jun 13 02:12:58 +0000 2025,1,27,0,2,2522
1933243907950710937,Lemon Argentina,"Â¿CÃ³mo es posible ver tasas del 15%, 20% o mÃ¡s en DeFi?

Te contamos de dÃ³nde sale realmente el rendimiento de tus crypto.

ğŸ§µğŸ‘‡ https://t.co/PsjskQnRdY",Thu Jun 12 19:24:00 +0000 2025,0,14,2,3,8416
1933167083615133965,Lemon Argentina,"GM â˜•ï¸

No tienen cafÃ©, pero estas tasas tambiÃ©n te despiertan. https://t.co/WS9v8Pi1m9",Thu Jun 12 14:18:43 +0000 2025,3,90,2,9,7419
1932998180666274279,Lemon Argentina,"Este mes salieron tantas cosas que no puedo dormir, encima todavÃ­a faltan.

ğŸ¥³ Festejamos los 4 millones con premios para ganar Bitcoin con cada amigo que inviten
ğŸ“ˆ Nuevo Earn para que sus crypto rindan mÃ¡s
ğŸ‡¨ğŸ‡´ Primera versiÃ³n en Colombia
ğŸ”œ MÃ¡s cosas muy pedidas

Â¿Preguntas?",Thu Jun 12 03:07:34 +0000 2025,2,31,0,7,3328
1932857513113714956,Lemon Argentina,"Sabemos que los QR existen. Todos los usan para pagar.
Pero se podrÃ­an mejorar, Â¿no? https://t.co/gCoQRLTlvw",Wed Jun 11 17:48:36 +0000 2025,12,209,8,36,34747
1932518805994959090,Lemon Argentina,"Te contamos sobre una de las Ãºltimas opciones que sumamos a Lemon Earn:

ğŸ‘‰ @MorphoLabs

Uno de los protocolos DeFi mÃ¡s avanzados, con una tasa incentivada actualmente mayor al 10% anual en USDC y USDT, que podÃ©s activar desde la app ğŸš€

AprendÃ© mÃ¡s en este hilo ğŸ‘‡ğŸ§µ https://t.co/sLaDjbxUWZ",Tue Jun 10 19:22:42 +0000 2025,2,19,1,4,5951
1932438752661815651,Lemon Argentina,"Â¿TodavÃ­a no viste las novedades de Lemon Earn? AcÃ¡ te explicamos todo en un video.

Si tenÃ©s alguna duda, dejala en los comentarios y te respondemos ğŸ˜‰ https://t.co/5tjpgbAN0X",Tue Jun 10 14:04:36 +0000 2025,1,8,0,2,2165
1932156127707603227,Lemon Argentina,"Lanzamos una nueva versiÃ³n de Lemon Earn para que tus crypto rindan mÃ¡s.

ğŸ“ˆ Mejores tasas, nuevos protocolos
ğŸ’¸ Rendimientos diarios
ğŸ“¥ ElegÃ­ cuÃ¡nto invertir
ğŸ•Šï¸ Tus fondos disponibles las 24 horas

MÃ¡s tasas, mÃ¡s protocolos, mÃ¡s libertad. https://t.co/HumZUpBVki",Mon Jun 09 19:21:33 +0000 2025,7,82,7,15,42050
1931814692508295680,Lemon Argentina,"Interrumpo su programaciÃ³n de domingo, para informarles que Bitcoin se encuentra arriba de los 106 mil dÃ³lares.

Por si alguno se lo preguntaba, seguimos. https://t.co/sjHmi7tIah",Sun Jun 08 20:44:48 +0000 2025,1,32,1,3,4214
1931434855033630919,Lemon Argentina,Ojo con olvidarse de poner el $lemontag del amigo que te refiriÃ³ que se viene el DÃ­a del Amigo ğŸ‘€ https://t.co/1n3hrnlgYx,Sat Jun 07 19:35:28 +0000 2025,1,11,0,2,2675
1931012389354250624,Lemon Argentina,"Formas de sumar Bitcoin en BIG 2025:

âœ… Comprando desde $100 en la app
âœ… Usando la Lemon Card y llevarte el cashback
ğŸ†• Invitando amigos y ganando Bitcoin cada vez que dejan tu $lemontag

Si sos el que mÃ¡s refiere ğŸ‘‰ te llevÃ¡s 4 palos en BTC.",Fri Jun 06 15:36:44 +0000 2025,0,14,0,1,2271
1930637819229180108,Lemon Argentina,"InvitÃ¡ amigos, ganen Bitcoin y participÃ¡ por 4.000.000 pesos en $BTC ğŸ†

MÃ¡s de 4 millones de personas en AmÃ©rica Latina ya tienen Lemon, pero vamos por mÃ¡s: queremos que TODO el mundo tenga Bitcoin. https://t.co/lET7prmS6Y",Thu Jun 05 14:48:20 +0000 2025,13,73,14,9,41570
1930626285706825942,Lemon Argentina,"Bueno. Actualicen la app ğŸ“²

Ahora les cuento ğŸ˜",Thu Jun 05 14:02:30 +0000 2025,2,26,0,11,5162
1930603080787120243,Lemon Argentina,"GM ğŸ§‰

Les tengo una sorpresa para ustedes.",Thu Jun 05 12:30:17 +0000 2025,3,85,2,23,10879
1929973167516233960,Lemon Argentina,"Yo quiero tener un millÃ³n de amigos
Y asÃ­ mÃ¡s fuerte poder cantar
Yo quiero tener un millÃ³n de amigos
Y asÃ­ mÃ¡s fuerte poder cantar",Tue Jun 03 18:47:14 +0000 2025,2,36,1,19,4574
1929353804190769323,Lemon Argentina,"Ãštil, fachero y necesario. https://t.co/y2pSlvmPlI",Mon Jun 02 01:46:07 +0000 2025,1,88,1,30,14385
1927849638293303411,Lemon Argentina,"QUE SE CONGELE TODO, MENOS TU PLATA â„ï¸ğŸ’¸

Con este frÃ­o, hacÃ© que tu guita se mueva (aunque vos no).

ğŸ‘‰ Fondos FIMA para tus pesos
ğŸ‘‰ Lemon Earn para tus crypto

Rendimientos sin salir de la cama. Ni pausar la serie. ğŸ˜´ğŸ“º https://t.co/e68pRCVLpa",Wed May 28 22:09:06 +0000 2025,0,13,1,2,2659
1927801420348014843,Lemon Argentina,Lo enganchÃ© laburando al dev ğŸ‘€ğŸ‘€ğŸ‘€ https://t.co/4VqlPckEfy,Wed May 28 18:57:30 +0000 2025,0,23,0,9,3556
1927434740031979797,Lemon Argentina,"Contra todo y contra todos, con el apoyo de todo un paÃ­s. Cambiando el panorama, incluso cuando parece imposible.

Nos inspiran esas carreras, y sobre todo, las personas que se animan a correrlas.

Feliz
Cumple
4ï¸âƒ£3ï¸âƒ£ ğŸï¸ https://t.co/Kqa4WXm5pU",Tue May 27 18:40:26 +0000 2025,2,54,1,3,3346
1927410120847179901,Lemon Argentina,"Desde hace un aÃ±o apostamos por optimizar los reclamos: sumamos justicia descentralizada y 100% on-chain con @Kleros_es.

Mientras otros canales tradicionales (COPREC) desaparecen, nosotros anticipamos el cambio y seguimos simplificando la vida de nuestros usuarios.

Te cuento https://t.co/xWy9yIp3Wn",Tue May 27 17:02:37 +0000 2025,17,62,8,3,6109
1927096951805194477,Lemon Argentina,"IntercambiÃ¡ crypto casi SIN COMISIÃ“N ğŸ¤‘

Las querÃ­amos bajar a cero, pero el dev que lo tenÃ­a que programar estÃ¡ ocupado armando cosas (MUY) buenas que se vienen dentro de (MUY) poco.

AprovechÃ¡ para intercambiar low-cost hasta el sÃ¡bado 31/5 inclusive ğŸ‘ https://t.co/OzbS7QicUc",Mon May 26 20:18:11 +0000 2025,3,36,1,6,29658
1926670623012458964,Lemon Argentina,"Un 25 de mayo de 1810 decidimos que seguir Ã³rdenes no era lo nuestro.

215 aÃ±os despuÃ©s, seguimos creyendo lo mismo.

Por eso elegimos Bitcoin.
Por eso somos la capital crypto de AmÃ©rica Latina.
Por eso, y por tantas otras cosas, somos argentinos. https://t.co/Y7zABy50pO",Sun May 25 16:04:06 +0000 2025,2,43,0,2,3445
1926357013933572319,Lemon Argentina,Dale que te llevÃ¡s el kittttt ğŸ•ğŸ‘‡,Sat May 24 19:17:56 +0000 2025,6,32,1,10,7573
1926018840070152428,Lemon Argentina,"GANADORES CONFIRMADOS ğŸ•ğŸ†

Tres personas se llevan 1 pizza por semana durante un aÃ±o ($1000 USD en $BTC).

SÃ­: 52 noches de delivery ğŸ›µ

$fabriciovillegas.chn
$martinrodriguezlaboral
$matibusta96

Que empiecen a volar esas grandes de muzza.
O de pepperoni, como Laszlo mandarÃ­a.",Fri May 23 20:54:09 +0000 2025,2,11,0,6,4859
1925925938237166057,Lemon Argentina,"LEMON FRIDAYS PIZZERO ğŸ•ğŸ”¥

Sorteamos 1 kit con todo lo necesario para hacerte unas pizzas en casa y sentirte el rey del horno.

Si Laszlo lo tenÃ­a, se hacÃ­a una prepizza y se quedaba con los 10.000 BTC.

ğŸ‘‰ RT + tu $lemontag
ğŸ“† Sorteamos el lunes 26/5 https://t.co/oUJXPwBbc9",Fri May 23 14:45:00 +0000 2025,331,241,44,336,39140
1925908599240352108,Lemon Argentina,https://t.co/fFV7Ai7Kzk,Fri May 23 13:36:06 +0000 2025,0,43,0,2,4232
1925645205841019347,Lemon Argentina,"SeÃ±oras y seÃ±ores, es de mi agrado presentarles el BITCOIN PIZZA DAY KIT 2025 ğŸ•ğŸ¤©

Fav si querÃ©s uno âœ‹ https://t.co/7CAnPC4Lej",Thu May 22 20:09:28 +0000 2025,44,616,5,92,20309
1925625440124695007,Lemon Argentina,ğŸ˜®â€ğŸ’¨,Thu May 22 18:50:55 +0000 2025,0,8,0,1,2618
1925581770629497324,Lemon Argentina,"Hoy es el #BitcoinPizzaDay y la monedita viene de romper rÃ©cords. Nos pareciÃ³ un buen momento para salir a repartir pizzas ğŸ•

Â¿EstÃ¡s por Palermo y querÃ©s que te caigamos con una?
DejÃ¡ tu $lemontag acÃ¡ abajo ğŸ‘‡",Thu May 22 15:57:24 +0000 2025,5,58,2,34,6666
1925571226149257496,Lemon Argentina,111.111 USD la monedita ğŸŸ ,Thu May 22 15:15:30 +0000 2025,3,75,1,4,5936
1925563022568747316,Lemon Argentina,"Feliz Bitcoin Pizza Day ğŸ•ğŸ¥³ 

(QuÃ© lindo saber que quedÃ³ viejo el precio de BTC)",Thu May 22 14:42:54 +0000 2025,2,21,0,2,5257
1925247359631372420,Lemon Argentina,Ustedes voten ğŸ—³ï¸,Wed May 21 17:48:34 +0000 2025,1,17,0,10,3274
1925236594727887330,Lemon Argentina,"Subite, vamos al correo a mandar el telegrama que Bitcoin llegÃ³ a su ATH âš¡ï¸ https://t.co/h1fTPnj0xR",Wed May 21 17:05:48 +0000 2025,4,38,0,2,2579
1925210261872390255,Lemon Argentina,"Bitcoin superÃ³ los $109.000 USD en un nuevo mÃ¡ximo histÃ³rico ğŸ”¥

Satoshi Nakamoto, hace mÃ¡s de 15 aÃ±os, dijo: ""quizÃ¡s tenga sentido tener al menos algo de Bitcoin, si la gente cree en lo mismo"".

Vos, nosotros y millones creÃ­mos. En una moneda, en un sistema, en un futuro mejor. https://t.co/QPpaIpi6Jy",Wed May 21 15:21:09 +0000 2025,11,233,0,13,383285
1925177749880127718,Lemon Argentina,"GM. Tengo algo que les va a interesar a los pizzeros ğŸ•âš¡ï¸

1 Fav y lo subo.",Wed May 21 13:11:58 +0000 2025,0,64,0,4,3311
1917260308579537391,Lemon Argentina,"El oro actualmente vale 10 veces mÃ¡s que Bitcoin. Pero tardÃ³ miles de aÃ±os en llegar ahÃ­.

En 16 aÃ±os, Bitcoin ya fue adoptado por empresas, gobiernos e instituciones ya lo tienen en sus balances.

Algunas personas piensan que ya llegaron tarde, pero esto reciÃ©n estÃ¡ arrancando. https://t.co/m2WUXfTCkU",Tue Apr 29 16:50:53 +0000 2025,3,28,0,2,2870
1916985365174354372,Lemon Argentina,Totalmente de acuerdo ğŸ¤ https://t.co/9hjUqUdVLU,Mon Apr 28 22:38:21 +0000 2025,1,11,0,0,3792
1916927697260867602,Lemon Argentina,"Â¿SabÃ­as que podÃ©s recibir transferencias en USD ğŸ‡ºğŸ‡¸Â y tener tu cuenta en dÃ³lares en Lemon?

DepositÃ¡s dÃ³lares, recibÃ­s $USDC.

Â¿Y quÃ© hacÃ©s despuÃ©s con esos $USDC? Tus $USDC pueden hacer magia.

Te lo cuento acÃ¡ ğŸ‘‡ https://t.co/hRYdjpeKrE",Mon Apr 28 18:49:12 +0000 2025,2,21,0,5,24735
1916844577983439120,Lemon Argentina,Tus crypto trabajan incansablemente todos los dÃ­as para que los lunes vos recibas esta notificaciÃ³n. https://t.co/3bCUJamwQk,Mon Apr 28 13:18:55 +0000 2025,0,9,0,1,2191
1916533354184298970,Lemon Argentina,"Â¿Otro clÃ¡sico? Que los findes no puedas operar con tu banco. No lo normalices. âœ‹ Con crypto, comprÃ¡s y vendÃ©s 24/7, como yo que me levantÃ© y comprÃ© Bitcoin al toque, sin esperar al lunes.

Ahora sÃ­, a disfrutar el clÃ¡sico con unos sats extra en la billetera.",Sun Apr 27 16:42:13 +0000 2025,2,20,0,0,2827
1916312165390094536,Lemon Argentina,"Es momento. Puede ser tuyo.

Mandale RT y dejÃ¡ tu $lemontag ğŸ‘‡",Sun Apr 27 02:03:18 +0000 2025,49,74,10,45,10919
1916255204804120773,Lemon Argentina,"Este sÃ¡bado de 00 a 02 am hay tareas de mantenimiento en la cÃ¡mara compensadora. Si hacÃ©s una transfe en ese rato, puede demorar un toque.

Tranqui, despuÃ©s todo vuelve a fluir.
Que siga el finde. ğŸ«¡",Sat Apr 26 22:16:57 +0000 2025,2,30,0,1,3095
1916198880141512826,Lemon Argentina,"Nuestro procesador de pagos con tarjeta aÃºn no efectuÃ³ el cambio de las compras en plataformas gaming.

Mientras tanto, cada 24h hacemos las devoluciones del 30% correspondiente a las compras que no aplican este impuesto ğŸ«¡

Este finde limÃ¡ la Lemon Card y viciÃ¡ tranquilo ğŸ‘¾",Sat Apr 26 18:33:08 +0000 2025,1,41,0,5,4438
1915801772540473638,Lemon Argentina,"Nuestro querido Bitcoin no para de subir y en las Ãºltimas horas volviÃ³ a superar los USD 95.000 ğŸ”¥

Â¿QuÃ© estÃ¡ pasando con nuestra reserva de valor favorita? ğŸ§µğŸ‘‡ https://t.co/SeFFpFlip9",Fri Apr 25 16:15:11 +0000 2025,0,18,0,1,2082
1915783635803820378,Lemon Argentina,"Dios como banco los memes de Lemon + Los Simpson.

Espero seguir viÃ©ndolos. Lo dejo todo en sus manos.",Fri Apr 25 15:03:06 +0000 2025,4,44,0,1,3324
1915776251043664186,Lemon Argentina,"Lemon Fridays.

No sorteamos cualquier cosa, sorteamos Bitcoin. La mejor reserva de valor del planeta. ğŸŸ ğŸŒ 

Solo 21M. Descentralizado. Seguro.

$30.000 para dividir entre dos ganadores. Â¿La vas a dejar pasar?

ğŸ‘‰ RT + tu $lemontag para participar.
ğŸ“† Sorteamos el lunes 28/04. https://t.co/QID447tp1Z",Fri Apr 25 14:33:46 +0000 2025,484,311,38,509,28822
1915608538786758723,Lemon Argentina,"Hola muchachos, Â¿en quÃ© andan? Â¿preguntas?",Fri Apr 25 03:27:20 +0000 2025,2,55,1,45,10486
1915474784135131468,Lemon Argentina,Â¿Alguien le podrÃ¡ ganar en cashback acumulado a este OG? ğŸ‘€,Thu Apr 24 18:35:50 +0000 2025,2,49,0,14,13262
1915457948530205117,Lemon Argentina,Confirmo https://t.co/jmUwqGc4Nj,Thu Apr 24 17:28:57 +0000 2025,1,37,0,1,3684
1915454733902368982,Lemon Argentina,"Ayer fue el aniversario del Ãºltimo mensaje de Satoshi Nakamoto: â€œPasÃ© a otras cosas, Bitcoin estÃ¡ en buenas manos.â€ ğŸ¥²

Le preguntamos a nuestra comunidad en quÃ© creen que anda hoy. Preparen los pochoclos y los dedos para likear su teorÃ­a favorita ğŸ¿ https://t.co/gd7IvDNxWh",Thu Apr 24 17:16:10 +0000 2025,0,18,0,4,2245
1915153619126775878,Lemon Argentina,"En un contexto complicado para otros activos, Bitcoin subiÃ³ y llegÃ³ al 5.Âº lugar entre los principales del mundo, superando a Google y a la plata. DespuÃ©s bajÃ³, estÃ¡n cabeza a cabeza. 

Pero lo importante: BTC se consolida cada vez mÃ¡s como reserva de valor. ğŸŸ  https://t.co/EKCDtymn2K",Wed Apr 23 21:19:39 +0000 2025,1,13,0,3,2182
1915095266937704885,Lemon Argentina,"Mientras los principales activos financieros caÃ­an, Bitcoin subiÃ³ 8% en 10 dÃ­as. En tiempos de incertidumbre, los inversores buscan refugio en reservas de valor.

Por su escasez y neutralidad, $BTC se consolida como una de ellas. 

Los argentinos lo saben ğŸ‘‡",Wed Apr 23 17:27:47 +0000 2025,1,14,0,1,3097
1915039225252134920,Lemon Argentina,"Este mes hubo rÃ©cord histÃ³rico de volumen operado de $PAXG, una stablecoin atada al valor del oro. En lo que va de abril, las compras de este token en Lemon aumentaron un 60% ğŸ”¥

En medio de la incertidumbre del mercado mundial, el acceso a reservas de valor como el oro a travÃ©s https://t.co/232eNnmDDy",Wed Apr 23 13:45:05 +0000 2025,0,15,1,1,1987
1914810279117963568,Lemon Argentina,FuncionÃ³ la nostalgia por el halving che https://t.co/X12Nbwje4e,Tue Apr 22 22:35:20 +0000 2025,2,66,0,2,3420
1911858815919673849,Lemon Argentina,AcÃ¡ la app funciona excelente gente. https://t.co/FLagdvH0VV,Mon Apr 14 19:07:16 +0000 2025,20,516,5,21,25025
1911820691713695913,Lemon Argentina,"Chau cepo: cifra rÃ©cord de volumen operado de stablecoins en Lemon ğŸ‡¦ğŸ‡·

Mientras otras apps y bancos limitan la operatoria, durante la Ãºltima hora nuestros usuarios compraron y vendieron dÃ³lar crypto como nunca antes en la historia. https://t.co/AZUGkXs4AC",Mon Apr 14 16:35:47 +0000 2025,15,171,1,18,14462
1911757560064975256,Lemon Argentina,"PARÃ DE SCROLLEAR ğŸ›‘âœ‹

Este tweet es tu seÃ±al para participar del sorteo de 1000 USDC.

Participar es muuuy fÃ¡cil. Seguime ğŸ‘‡ğŸ§µ",Mon Apr 14 12:24:55 +0000 2025,0,5,0,1,2900
1910815585102959055,Lemon Argentina,"Se anuncia la salida del cepo y el mercado crypto no para ğŸ‡¦ğŸ‡·

AsÃ­ se ven los picos de operatoria en la compra y venta de dÃ³lar crypto desde el inicio de la conferencia de prensa de Caputo ğŸ‘‡ https://t.co/IkcinUycmf",Fri Apr 11 22:01:51 +0000 2025,6,59,2,4,7130
1910787701835526407,Lemon Argentina,"Che consulta, Â¿cuÃ¡ntos puntos de aura perdÃ­ si entrÃ© en 100K?",Fri Apr 11 20:11:03 +0000 2025,0,6,0,2,3056
1910390793346695272,Lemon Argentina,"Ahora es cuando ustedes me dicen:

Â¿QuÃ© compra sin culpa te hacÃ©s con 1000 USDC? Mi voto es secreto.",Thu Apr 10 17:53:53 +0000 2025,2,24,0,16,3282
1910384145370427854,Lemon Argentina,"Sorteamos 5 premios de 1000 USDC.

Participar es tan fÃ¡cil como entender que 1 $USDC vale 1 dÃ³lar.

Enterate cÃ³mo participar en la app. https://t.co/1GXaOZS9OI",Thu Apr 10 17:27:28 +0000 2025,5,53,2,12,34065
1910324201740714209,Lemon Argentina,Crypto no para.,Thu Apr 10 13:29:16 +0000 2025,1,27,0,4,2924
1910105062082232689,Lemon Argentina,No me preocupa que Instagram sepa cuÃ¡l es mi ubicaciÃ³n porque ya saben todos que nunca me fui de acÃ¡,Wed Apr 09 22:58:29 +0000 2025,0,10,0,0,3012
1909972649440075783,Lemon Argentina,QuÃ© ganas de cumplir aÃ±os me dieron.,Wed Apr 09 14:12:19 +0000 2025,0,9,0,0,2465
1909972401669939467,Lemon Argentina,Alias: La mejor de todas ğŸ’³,Wed Apr 09 14:11:20 +0000 2025,0,6,0,2,2364
1909803008491168070,Lemon Argentina,Mientras muerdo el limÃ³n de un gin tonic usado ğŸ‹ https://t.co/kbnu0U3iL7,Wed Apr 09 02:58:14 +0000 2025,0,6,0,1,2049
1909774959792050253,Lemon Argentina,EL CASHBACK ES TUYO ğŸ‹,Wed Apr 09 01:06:46 +0000 2025,0,31,0,4,3251
1909762876480331924,Lemon Argentina,HabrÃ¡ canciÃ³n Lemon https://t.co/lD9NEWOMk0,Wed Apr 09 00:18:46 +0000 2025,1,6,0,0,2054
1909760701771432204,Lemon Argentina,"Mi vida fuimos a shortear con un solo paracaÃ­das
Uno solo va a quedar holdeando a la deriva ğŸ•Šï¸ğŸ‹

La comunidad de Lemon en #CalamaroDayxOLGA https://t.co/i8RdPnsCgf",Wed Apr 09 00:10:07 +0000 2025,1,9,0,0,2492
1909580977770295665,Lemon Argentina,Buen dÃ­a a los fans de Andrelo que pueden ganarse dos entradukis para el Calamaro Dayyyyy ğŸ¶,Tue Apr 08 12:15:58 +0000 2025,1,9,0,1,2842
1909425211071410460,Lemon Argentina,"Cuchame una cosita, Â¿quÃ© hacÃ©s scrolleando acÃ¡ si todavÃ­a no dejaste tu $lemontag para ir al Calamaro Day?

Dejalo acÃ¡ y por ahÃ­ maÃ±ana te llega un mensajito que te ganaste las 2 entradas ğŸ‘‡ 
 https://t.co/Azt3sQXIrm",Tue Apr 08 01:57:00 +0000 2025,2,5,1,5,2102
1909398537583915407,Lemon Argentina,"Si tenÃ©s pensado estar despierto a las 5 de la maÃ±ana, tengo dos cosas para decirte:

1. Lo siento mucho, ojalÃ¡ el miÃ©rcoles puedas levantarte mÃ¡s tarde
2. Entre las 5 y las 6 AM la app va a estar en mantenimiento, por lo que no vas a poder ingresar ni usar la tarjeta durante ese",Tue Apr 08 00:11:00 +0000 2025,1,21,0,2,2835
1909377167609262276,Lemon Argentina,Hay un deseo que pido siempre que pasa un tren. https://t.co/YztdI0h4Tw,Mon Apr 07 22:46:05 +0000 2025,1,22,0,0,2553
1909344147124658224,Lemon Argentina,"TE LLEVAMOS AL CALAMARO DAY DE @olgaenvivo ğŸ¸

Â¿QuerÃ©s ganarte dos entradas para el GRAN EVENTO maÃ±ana en el Teatro Ã“pera?

SeguÃ­ los pasos en nuestra publicaciÃ³n de Instagram https://t.co/cJkNx9eIWp",Mon Apr 07 20:34:53 +0000 2025,1,24,2,4,29569
1905683709375709231,Lemon Argentina,"Como dijo la Chiqui: â€œEl pÃºblico se renuevaâ€

AsÃ­ que para los que no tienen ni idea quÃ© es el Lemon Fridays, siganme que les cuento esta forma de participar por Bitcoin GRATAROLA ğŸ¤‘Â ğŸ‘‡",Fri Mar 28 18:09:36 +0000 2025,1,9,0,3,2522
1905669802384859321,Lemon Argentina,La comunidad de Lemon es lo mÃ¡s grande que hay.,Fri Mar 28 17:14:21 +0000 2025,0,17,0,0,3041
1905658331248607395,Lemon Argentina,"Buen dÃ­a Chat GI PI TI ğŸ¤– Haceme este Lemon Fridays con estilo Studio Ghibli.

La ediciÃ³n nÃºmero 200 de este sorteo por Bitcoin. Â¿QuiÃ©n tendrÃ¡ el HONOR de llevÃ¡rselo?

Â¿CÃ³mo participÃ¡s?

ğŸ‘‰Â RT + tu $lemontag
ğŸ“†Â Sorteamos el lunes 31/3 https://t.co/kBR6GkPAKA",Fri Mar 28 16:28:46 +0000 2025,414,286,34,445,47418
1905260726731616383,Lemon Argentina,"SeÃ±oras y seÃ±ores, llegaron los dÃ­as para TAR JE TEAR ğŸ’³

Â¿Ropita? 3% de cashback en Bitcoin
Â¿Salir a comer? TUKI, 3% de cashback en Bitcoin
Â¿Unos chicles en el kiosco? Ah no acÃ¡ nMENTIRA, 3% DE CASHBACK TAMBIÃ‰N ğŸ¥³

ConfigurÃ¡ tu tarjeta y llenate de satoshis ğŸŸ ",Thu Mar 27 14:08:49 +0000 2025,1,10,0,2,3604
1905248181962575934,Lemon Argentina,"F*ck Ghibi style

All my homies are lemmies https://t.co/u2A6QoDxcd",Thu Mar 27 13:18:59 +0000 2025,1,36,0,4,2355
1905016186276073924,Lemon Argentina,"Cosas que estÃ¡ bueno saber con anticipaciÃ³n:

ğŸ‘‰Â Si va a llover o no
ğŸ‘‰Â CuÃ¡nto te va a aumentar el alquiler
ğŸ‘‰Â CuÃ¡ndo va a haber extra cashback por usar tu tarjeta

Preparate para 3 dÃ­as a puro Bitcoin con tu Lemon Card ğŸ’³ https://t.co/fCOe8DiF2m",Wed Mar 26 21:57:06 +0000 2025,0,10,1,2,5368
1904988006781739316,Lemon Argentina,"Che que lindo baile el de ayer eh âš½ï¸ğŸ‡¦ğŸ‡·

QuedÃ© muy contento. Me parece que me voy a romper algo para los que tienen la tarjeta.",Wed Mar 26 20:05:08 +0000 2025,4,69,0,12,3788
1904572188650344657,Lemon Argentina,"Mientras tanto, tu Lemon Card

âœ… No tiene gastos de mantenimiento

âœ… Te deja retirar efectivo gratis en comercios

âœ… Te da cashback en Bitcoin con cada compra",Tue Mar 25 16:32:49 +0000 2025,9,79,0,9,5761
1904529599863595010,Lemon Argentina,GM! Â¿Ya metieron la cara en un balde de agua con hielo hoy?,Tue Mar 25 13:43:35 +0000 2025,0,2,0,4,2611
1903932703356973349,Lemon Argentina,La rutina del CM. ğŸ’ª https://t.co/cUTwtk6mg3,Sun Mar 23 22:11:44 +0000 2025,1,46,1,8,7073
1903523810550149610,Lemon Argentina,Â¿En quÃ© andan?,Sat Mar 22 19:06:56 +0000 2025,5,25,0,20,4041
1903243625821081605,Lemon Argentina,ğŸ˜®â€ğŸ’¨,Sat Mar 22 00:33:35 +0000 2025,1,23,0,0,4172
1903147393849200940,Lemon Argentina,"Lo vienen pidiendo hace mucho. NecesitÃ¡bamos hacerlo de una manera Ãºnica por nuestra comunidad.

Â¿Se imaginan lo que se viene? https://t.co/m9likBFi1R",Fri Mar 21 18:11:12 +0000 2025,4,53,1,23,26465
1902755075539312742,Lemon Argentina,"Lo lamento Donald, capital crypto hay una sola ğŸ‡¦ğŸ‡· https://t.co/whG8PU8de8",Thu Mar 20 16:12:16 +0000 2025,3,58,1,4,4377
1902446474346025135,Lemon Argentina,"BahÃ­a Blanca nos necesitaba. Y nuestra comunidad de usuarios puso manos a la obra ğŸ‡¦ğŸ‡·

Por eso te contamos quÃ© pasÃ³ en estos dÃ­as de recaudaciÃ³n ğŸ‘‡ https://t.co/zZDciPn5TS",Wed Mar 19 19:45:59 +0000 2025,1,19,1,3,2338
1902119473428988038,Lemon Argentina,"DÃ³lar crypto.
24/7. https://t.co/yOMJVtaaHL",Tue Mar 18 22:06:36 +0000 2025,0,10,0,2,2716
1901751855329292359,Lemon Argentina,Falta poquito para que lleguen LAS PIPPPZAZZZ ğŸ•ğŸ•ğŸ•,Mon Mar 17 21:45:49 +0000 2025,4,42,0,5,5158
1901663653490815478,Lemon Argentina,"Parte de arrancar la semana con todo es recibir las ganancias que tus crypto generaron en Lemon Earn ğŸ‹

ğŸ¥‡Â $DAI: 3.7%
ğŸ¥ˆğŸ¥‰Â $USDC y $USDT: 2.79% https://t.co/lW9WYn7Aus",Mon Mar 17 15:55:20 +0000 2025,0,13,0,4,1925
1900670349982748995,Lemon Argentina,"Yo creo que este finde no puede arrancar sin el Lemon Fridays. No sÃ© quÃ© opinan ustedes ğŸ‘€, pero si tienen ganas de participar por unos satoshis ğŸ‘‡

ğŸ“ŒÂ RT + tu $lemontag
ğŸ’²Â $30.000 para repartir entre dos ganadores

ğŸ“†Â Sorteamos el lunes 17/3 https://t.co/ZXKtsFlBKA",Fri Mar 14 22:08:18 +0000 2025,415,274,45,440,16492
1900652339146702950,Lemon Argentina,"Ayer listamos 4 tokens de algunos de los protocolos descentralizados lÃ­deres del ecosistema DeFi, o sea plataformas que funcionan de manera autÃ³noma y transparente usando la tecnologÃ­a de blockchain.

Â¿CÃ³mo es esto? Seguime que acÃ¡ es donde se pone interesante ğŸ‘‡",Fri Mar 14 20:56:44 +0000 2025,1,16,0,7,4801
1894829640524402906,Lemon Argentina,"Si tuvieras una Lemon Card ilimitada para el finde largo, y despuÃ©s te quedÃ¡s con el cashback ğŸ‘€

Â¿QuÃ© te compras? Â¿MetÃ©s viaje express? Los leoğŸ‘‡",Wed Feb 26 19:19:25 +0000 2025,0,33,0,33,6477
1894454801007874327,Lemon Argentina,"Se vino el carnaval en Lemon ğŸª…

Â¿HabrÃ¡ algo mÃ¡s argentino que festejar cosas? Creo que no, pero por las dudas durante todo el finde largo vas a recibir 4% DE CASHBACK en todas las compras con tu Lemon Card pagando en crypto ğŸ’³ https://t.co/Al0xs0SMV7",Tue Feb 25 18:29:56 +0000 2025,0,22,0,3,2537
1894039302138474894,Lemon Argentina,"Con Lemon Earn, la semana se arranca con ganancias crypto SÃ O SÃ ğŸ˜‰

Â¿CÃ³mo rindieron las stables esta Ãºltima semana?

ğŸ¥‡ $DAI - 5.22%
ğŸ¥ˆ $USDC - 4.31%
ğŸ¥‰ $USDT - 4.14% https://t.co/X1lzJK3Ppr",Mon Feb 24 14:58:53 +0000 2025,0,5,0,1,1795
1892937500152197353,Lemon Argentina,"Buenos dÃ­as estrellitas, Bitcoin les dice hola âš¡ï¸ğŸ‘‹ https://t.co/a8JYDXrNpE",Fri Feb 21 14:00:43 +0000 2025,1,43,0,8,3309
1892925068033896760,Lemon Argentina,"El portfolio crypto de los argentinos:

1. Bitcoin ğŸ‘‰ Reserva de valor
2. Stablecoin (USDT/USDC/DAI) ğŸ‘‰ DÃ³lar global
3. Ethereum ğŸ‘‰ Internet descentralizado

Argentina, Capital Crypto ğŸ‡¦ğŸ‡·
https://t.co/nVSxGDkAal https://t.co/0LrwvCXzpT",Fri Feb 21 13:11:19 +0000 2025,7,31,3,2,8378
1892650420528455966,Lemon Argentina,"Vuelan las inscripciones al Curso Crypto ğŸ‹
Anotate vos tambiÃ©n ğŸ‘‰ https://t.co/UplAQRacpA https://t.co/oGHObaaACm",Thu Feb 20 18:59:58 +0000 2025,1,20,0,4,2856
1892559691814785108,Lemon Argentina,"Se enterÃ³ de que si paga con PIX en Brasil, participa por un viaje a un oltincluying en FlorianÃ³polis ğŸ‡§ğŸ‡·ğŸ–ï¸",Thu Feb 20 12:59:27 +0000 2025,0,4,0,1,2894
1892313961346879665,Lemon Argentina,"â€œÂ¿Y si vendo todo y me quedo a vivir acÃ¡?â€, pensaste mientras mirabas el mar. Para alimentar esa fantasÃ­a, sorteamos un viaje todo incluido para 2 personas a FlorianÃ³polis ğŸ‡§ğŸ‡·ğŸ–ï¸

Cada pago que hagas con PIX hasta el 4/3 suma una chance ğŸ¤³ https://t.co/oFLLxhKX11",Wed Feb 19 20:43:00 +0000 2025,4,25,2,8,9437
1891971200248594439,Lemon Argentina,"Crypto ya no es para pocos.

Durante 2024, se duplicaron las descargas de apps crypto en Argentina ğŸ‡¦ğŸ‡· https://t.co/pcgYWae4hZ",Tue Feb 18 22:00:59 +0000 2025,3,43,0,3,2836
1891873727769395439,Lemon Argentina,"Bitcoin es el camino y Argentina la Capital Crypto.

Somos el paÃ­s con
ğŸ‡¦ğŸ‡· Mayor cantidad de usuarios crypto activos
ğŸ‡¦ğŸ‡· Mayor volumen crypto recibido https://t.co/7bag40i2u1",Tue Feb 18 15:33:40 +0000 2025,37,238,12,12,28455
1891602899655934435,Lemon Argentina,"No confÃ­es, verificÃ¡.",Mon Feb 17 21:37:30 +0000 2025,2,37,0,0,4085
1891567217008886091,Lemon Argentina,"Si se despertÃ³ tu interÃ©s en entender quÃ© son las criptomonedas y cuÃ¡l es el valor que aportan, sumate a nuestro Curso Crypto. Es gratis, online y estÃ¡ disponible desde 2022 ğŸ“š

MÃ¡s de 88.000 personas ya se anotaron en https://t.co/UplAQRacpA ğŸ‹

Por acÃ¡ abajo te cuento mÃ¡s ğŸ‘‡ https://t.co/GfCQtVsYnM",Mon Feb 17 19:15:42 +0000 2025,6,52,1,9,20976
1891483928432644466,Lemon Argentina,"Ãšltimas horitas para participar del Lemon Fridays.

ParticipÃ¡ y enamorate de Bitcoin ğŸ˜",Mon Feb 17 13:44:45 +0000 2025,5,26,1,7,4636
1890574390753935748,Lemon Argentina,21 millones,Sat Feb 15 01:30:34 +0000 2025,17,188,1,13,22709
1890521564031914374,Lemon Argentina,"Nosotros estamos enamorados de Bitcoin ğŸ˜ğŸŒ¹Â ParticipÃ¡ en este Lemon Fridays del amor, a ver si una vez por todas se te da con $BTC â¤ï¸

Tenemos $30.000 para repartir entre dos ganadores Â¿CÃ³mo participÃ¡s?

ğŸ‘‰Â RT + tu $lemontag
ğŸ“†Â Sorteamos el lunes 17/02 https://t.co/JsPkPdM8S0",Fri Feb 14 22:00:39 +0000 2025,434,278,42,461,24774
1890428049654776013,Lemon Argentina,"Bitcoin marca el pulso crypto en AmÃ©rica Latina ğŸŒ

Argentina se consolidÃ³ como Capital Crypto de Latam, con BTC marcando el ritmo de la adopciÃ³n: en Lemon, su volumen de compra creciÃ³ 3 veces mÃ¡s rÃ¡pido que el de las stablecoins.

Â¿Estamos ante un cambio estructural? Leelo en https://t.co/PVyvm28Q0l",Fri Feb 14 15:49:04 +0000 2025,3,25,3,1,4907
1889810550823198935,Lemon Argentina,"comprÃ© de esa monedita
cuÃ¡l
la que podÃ©s comprar en Lemon
cuÃ¡l
la que solo van a existir 21 millones
ah, Bitcoin",Wed Feb 12 22:55:20 +0000 2025,1,17,0,7,2515
1889380370367619322,Lemon Argentina,"Crypto implica transformar: las finanzas, el sistema y el futuro. 

Nuestra misiÃ³n es impulsarlo y por eso hoy evolucionamos, pero la esencia sigue intacta.  

ActualizÃ¡ y descubrilo âš¡ https://t.co/fPIqgZ3x4b",Tue Feb 11 18:25:57 +0000 2025,6,66,9,17,28575
1888934430783246338,Lemon Argentina,"GM! ğŸ§‰ 

Â¿CÃ³mo arrancaron la semana? Â¿CÃ³mo viene ese lunes?",Mon Feb 10 12:53:57 +0000 2025,1,10,0,5,2654
1888253865654403450,Lemon Argentina,Se enteraron que por este finde damos cashback en Bitcoin en los pagos por PIX ğŸ‘‡,Sat Feb 08 15:49:38 +0000 2025,3,75,1,15,7896
1887897725586276800,Lemon Argentina,Millas + PIX en Brasil + Bitcoin por cada compra https://t.co/GiW5C8FOzS,Fri Feb 07 16:14:27 +0000 2025,0,2,0,3,3188
1887850864154435652,Lemon Argentina,"Re tranquilo, se levantaba y revoleaba un reintegro en Bitcoin para compras con PIX. Buen dÃ­a ğŸ‡§ğŸ‡·ğŸ¸",Fri Feb 07 13:08:15 +0000 2025,2,13,0,2,3087
1887847746427888097,Lemon Argentina,"USÃ PIX Y GANÃ BITCOIN ğŸ¤‘ğŸ‡§ğŸ‡·

Desde hoy hasta el domingo inclusive, todas las compras que hagas con PIX en Brasil tienen 1% de reintegro en $BTC. 

PodÃ©s pagar con pesos o con crypto ğŸ¤ https://t.co/6FMhwbHIoi",Fri Feb 07 12:55:51 +0000 2025,4,23,2,4,15905
1887172803381669917,Lemon Argentina,"Reitero. EstÃ¡ para romperse unas de manteca, Â¿no?",Wed Feb 05 16:13:52 +0000 2025,1,14,0,4,3309
1886926953938125017,Lemon Argentina,"Nosotros siempre a todos lados con vos querido @Fabri_0021 ğŸ«¶

Esperemos que hayas aprovechado PIX para pagar en Brasil a un gran tipo de cambio, fÃ¡cil y de manera segura ğŸ‡§ğŸ‡·

O capaz es Santa Teresita, no estoy muy seguro de la ubicaciÃ³n de esa playa.",Tue Feb 04 23:56:57 +0000 2025,1,8,0,3,3315
1886826733094973552,Lemon Argentina,"Pix desde Lemon. La mejor manera de pagar en Brasil ğŸ‡§ğŸ‡·

âœ… Sin impuestos
âœ… Sin usar efectivo
âœ… Sin llevar tarjeta",Tue Feb 04 17:18:43 +0000 2025,1,7,0,1,3067
1886786168018071556,Lemon Argentina,Al toque mi rey ğŸ˜ Ya no es mÃ¡s difÃ­cil traer plata de arafue,Tue Feb 04 14:37:31 +0000 2025,1,14,0,3,2923
1886506912964841631,Lemon Argentina,"Bitcoin se tomÃ³ un mate y dijo: ""Vieron que habÃ­a que estar tranquilos"" https://t.co/mZlNxs2oLR",Mon Feb 03 20:07:52 +0000 2025,3,44,1,4,4647
1886433629531771026,Lemon Argentina,"Lunes de rendimientos crypto ğŸ¤‘

ğŸ¥‡Â $USDT - 6.78%
ğŸ¥ˆÂ $USDC - 6.57%
ğŸ¥‰Â $DAI - 6.26%

$USDC fue la stable con mejor rendimiento dentro de Lemon en 2024. Â¿PodrÃ¡ meter el bicampeonato este 2025? ğŸ†

Seguiremos atentamente los acontecimientos. https://t.co/D2r2owbLiR",Mon Feb 03 15:16:40 +0000 2025,1,12,0,0,2018
1886416178442093037,Lemon Argentina,https://t.co/Te3A1KCq6G,Mon Feb 03 14:07:19 +0000 2025,3,19,1,3,7454
1886406178776784912,Lemon Argentina,"En este dÃ­a donde ves todo rojo, quizÃ¡s te llevÃ¡s el Lemon Fridays.

ParticipÃ¡ que en unas horitas damos los ganadores ğŸ‘‡",Mon Feb 03 13:27:35 +0000 2025,3,23,0,1,3022
1884591586287538220,Lemon Argentina,"Bueno espero que hayan comprando/vendido o cambiado todo el Bitcoin que quieran. Y si no lo hicieron, hÃ¡ganlo RAIT NOW que hoy es el Ãºltimo dÃ­a del sorteito.

Te podÃ©s ganar hasta 1500 dolarucos en Bitcoin hermano. Â¿quÃ© mÃ¡s querÃ©???? ğŸ«°ğŸ’¸ğŸ¤‘",Wed Jan 29 13:17:02 +0000 2025,1,14,0,1,3123
1884228959140970963,Lemon Argentina,"Gran dÃ­a para convertirte en un EMBAIXADOR de Lemon ğŸ‹

ConseguÃ­ tu link de referido y ganÃ¡ $USDT por cada persona que se descargue la app y haga un pago con PIX ğŸ‡§ğŸ‡·",Tue Jan 28 13:16:05 +0000 2025,1,7,0,0,2941
1883910463714742378,Lemon Argentina,"Che, Â¿y durante 2024 como fue la movida? ğŸ¤Œ Bueno, asÃ­ rindieron en promedio las monedas estables el aÃ±o pasado:

ğŸ¥‡ $USDC: 7.6%
ğŸ¥ˆ $DAI: 7.3%
ğŸ¥‰ $USDT: 6.8%",Mon Jan 27 16:10:30 +0000 2025,4,16,0,4,3744
1883890643443110101,Lemon Argentina,"No serÃ¡ una IA China, pero te traigo la notificaciÃ³n mÃ¡s linda de los lunes: rendimientos crypto acreditados âœ…

Â¿CÃ³mo fue el podio de rendimientos la semana pasada?

ğŸ¥‡ $USDC 8.13%
ğŸ¥ˆ $USDT 7.13%
ğŸ¥‰ $DAI 6.69%

Y vos, Â¿ya activaste Lemon Earn en la app? https://t.co/pAdQ0A25ww",Mon Jan 27 14:51:45 +0000 2025,1,17,1,0,5758
1883328530689483004,Lemon Argentina,"En la comunidad hoy nos compartieron este atardecer con la Lemon Card, muy linda foto. 

Debe ser por acÃ¡ nomÃ¡s, no? creo que Avellaneda. https://t.co/Xka1MQ1MCK",Sun Jan 26 01:38:06 +0000 2025,2,27,0,5,5411
1882811082773061741,Lemon Argentina,"Queremos festejar que Bitcoin tocÃ³ un nuevo ATH asÃ­ que ğŸ˜Â ES DE MI AGRADO INFORMARLES QUE SORTEAMOS 3.000 DÃ“LARES EN $BTC

Seguime que te cuento todo ğŸ‘‡ https://t.co/Q2wD7pRghw",Fri Jan 24 15:21:57 +0000 2025,7,90,1,8,19390
1882809683997872609,Lemon Argentina,Yo les debÃ­a algo.,Fri Jan 24 15:16:24 +0000 2025,2,36,0,3,4064
1882776479106515106,Lemon Argentina,"1 millÃ³n de Lemmys no es para cualquiera ğŸ˜®â€ğŸ’¨

A ver dejen abajo su Lemmy ultra fachero ğŸ‘‡ https://t.co/UsQaFbc1d9",Fri Jan 24 13:04:27 +0000 2025,1,47,0,25,5126
1882517165620011021,Lemon Argentina,"La Lemon Card tambiÃ©n te salva las vacaciones ğŸ˜â˜€ï¸

Y si no me creÃ©s, mirÃ¡ el mensaje de esta usuaria ğŸ‘‡ https://t.co/ABy6nz4zyg",Thu Jan 23 19:54:02 +0000 2025,1,5,0,1,1661
1882514947831378042,Lemon Argentina,Bienvenida â­ï¸â­ï¸â­ï¸ https://t.co/cbL2zMLskV,Thu Jan 23 19:45:13 +0000 2025,2,32,0,1,2804
1882449103529062484,Lemon Argentina,"Che, el otro dÃ­a Bitcoin tuvo otro ATH. Como que hace falta algo para festejar, Â¿no?

No se me ocurre quÃ© puede ser ğŸ¤”",Thu Jan 23 15:23:35 +0000 2025,4,44,1,20,8876
1882150949076287552,Lemon Argentina,Me mandaron esto reciÃ©n ğŸ˜®â€ğŸ’¨ https://t.co/q5I517IGpH,Wed Jan 22 19:38:49 +0000 2025,1,29,0,7,3756
1881690689123344460,Lemon Argentina,"Ya arrancamos con la charla de @efebisk en Latina Conf by @tpcventures sobre la adopciÃ³n crypto en AmÃ©rica Latina

Sumate ğŸ‘‡https://t.co/3KfpHdBb6i https://t.co/8MmBUxWR49",Tue Jan 21 13:09:55 +0000 2025,2,5,2,1,7478
1881401326124564638,Lemon Argentina,"Nuestro COO @efebisk va a estar charlando maÃ±ana en Latina Conf by @tpcventures sobre la adopciÃ³n crypto en AmÃ©rica Latina ğŸ—ºï¸

Anotate al panel virtual que arranca a las 9:45 AM (hora ğŸ‡¦ğŸ‡·) desde este link  ğŸ‘‰ https://t.co/qZXvgD0X4J",Mon Jan 20 18:00:05 +0000 2025,6,19,0,2,4576
1881327622484787288,Lemon Argentina,"ğŸ’¸108.000 dÃ³lares por BitcoinğŸ’¸

Una vez un conocido me dijo: ""Â¿Bitcoin? Eso es una moda. Mejor comprÃ¡ dÃ³lares y guardalos bajo el colchÃ³n"". Hoy, ese colchÃ³n ya no alcanza para sostener lo que vale 1 BTC ğŸ¥²

AsÃ­ que si vos tambiÃ©n holdeaste, felicitaciones porque este momento es https://t.co/zd3wxMZTU3",Mon Jan 20 13:07:13 +0000 2025,3,37,1,4,3367
1880831753600045465,Lemon Argentina,DebÃ­ tirar mÃ¡s fotos de cuando te tuveâ€¦ ğŸ¶ https://t.co/XFKh8Mx0Y4,Sun Jan 19 04:16:48 +0000 2025,0,23,0,1,3115
1880375344919675091,Lemon Argentina,"Ya estamos a mitad del primer mes del aÃ±o y las vacaciones siguen en marcha. ğŸŒ Ya sea que estÃ©s en la costa pagando con tu Lemon Card, en Brasil usando PIX o donde sea, tenemos una buena noticia para vos: ES VIERNES DE LEMON FRIDAYS ğŸ™Œ

Â¿CÃ³mo participÃ¡s?
ğŸ‘‰ RT + tu $lemontag

ğŸ“† https://t.co/1s2ATl38L3",Fri Jan 17 22:03:12 +0000 2025,334,203,31,358,15477
1880328856965378137,Lemon Argentina,"Â¿EstÃ¡s en Brasil este verano o tenÃ©s amigos allÃ¡? Entonces este tuit es para voce ğŸ‡§ğŸ‡·Â Por CADA PERSONA que se descargue Lemon con tu link y pague con PIX desde la app, te llevÃ¡s 10 REALES en USDTğŸ¤‘

CompletÃ¡ el formulario y te mandamos tu link por mail ğŸ‘‰ https://t.co/zyxVNWW0VI https://t.co/TzvUqsBS78",Fri Jan 17 18:58:28 +0000 2025,1,10,1,2,5667
1879953672802824232,Lemon Argentina,"ğŸ‡ªğŸ‡º MÃ¡s de 3 millones de usuarios en Argentina ya pueden abrir su cuenta en euros ğŸ’¶

ğŸ‡ªğŸ‡¸ Para cerrar el 2024, nos unimos con @Noah_HQ para que nuestros usuarios puedan abrirse una cuenta para depositar euros desde cuentas en el exterior y recibirlos acreditados como $USDC en sus https://t.co/adI9Lg6MJ6",Thu Jan 16 18:07:38 +0000 2025,4,20,0,2,5101
1879645762726035552,Lemon Argentina,https://t.co/xTVqCmKMN0,Wed Jan 15 21:44:06 +0000 2025,2,96,0,0,4169
1879643822998921222,Lemon Argentina,Mensajes que te dan un mimo al alma ğŸ’,Wed Jan 15 21:36:24 +0000 2025,0,3,0,1,2798
1879287041948811671,Lemon Argentina,"Â¿El efectivo? Molesta en el bolsillo âŒ

Mejor andÃ¡ liviano, y llevÃ¡ solo tu celular para subir historias tirando facha, usar PIX de Lemon y pagar todo sin impuestos ğŸ˜ https://t.co/30Cd07Vekr",Tue Jan 14 21:58:40 +0000 2025,0,14,0,5,3038
1879189863901364699,Lemon Argentina,"Por segundo aÃ±o consecutivo, fuimos reconocidos por @circle en su informe anual como una soluciÃ³n para mÃ¡s de 3.2M de usuarios ğŸŒ

Con mÃ¡s de 10M USDC bajo custodia en nuestra prueba de reservas, seguimos impulsamos la adopciÃ³n crypto en AmÃ©rica Latina ğŸ’ª",Tue Jan 14 15:32:31 +0000 2025,4,33,0,3,6922
1878187343091315096,Lemon Argentina,"Un dÃ­a como hoy, hace 15 aÃ±os, este muchacho corria el segundo nodo de Bitcoin, despuÃ©s del mismÃ­simo Satoshi Nakamoto ğŸ«¡

Hoy brindamos por el amigo Hal Finney ğŸ»",Sat Jan 11 21:08:52 +0000 2025,3,36,0,4,4306
1878112930018861507,Lemon Argentina,EstÃ£o chegando coisinhas âœ¨ğŸ‡§ğŸ‡·,Sat Jan 11 16:13:10 +0000 2025,0,12,0,5,3698
1877819490836074601,Lemon Argentina,Este finde te convertÃ­s en hÃ©roe ğŸ‡§ğŸ‡· https://t.co/oUATm1Ybj6,Fri Jan 10 20:47:09 +0000 2025,0,5,0,2,2545
1877555537912463822,Lemon Argentina,ğŸ‘€ https://t.co/ggckBaVNTt,Fri Jan 10 03:18:18 +0000 2025,1,37,0,1,5461
1877524200182763568,Lemon Argentina,Nuevo token en la app.,Fri Jan 10 01:13:46 +0000 2025,0,23,0,6,5055
1877506929754272169,Lemon Argentina,Lean y aprendan.,Fri Jan 10 00:05:09 +0000 2025,0,7,0,0,3372
1877495986706124928,Lemon Argentina,Expliquen el Wandagate en tÃ©rminos crypto:,Thu Jan 09 23:21:40 +0000 2025,0,10,0,6,3647
1877427647686263235,Lemon Argentina,Alguien que lo ayude ğŸ‘‡,Thu Jan 09 18:50:06 +0000 2025,0,13,0,2,2961
1877412895899709559,Lemon Argentina,Foto_stickers_nuevos_NO_Publicar.jpg https://t.co/h07ZYC1vKx,Thu Jan 09 17:51:29 +0000 2025,8,220,0,47,9359
1877045322523755001,Lemon Argentina,"No todo es QR ğŸ¤³

ğŸ‡§ğŸ‡· Con PIX desde Lemon, tambiÃ©n podÃ©s pagar con los siguientes datos del vendedor:

ğŸ“²Â Celular: su numerito de fono sirve para pagarle

ğŸ“©Â Email: no hace falta decir mucho. Su mail ğŸ¤£

ğŸªªÂ CPF/CNPJ: es como nuestro DNI. Con ese dato tambiÃ©n se puede pagar por PIX https://t.co/VFlTRDIPJs",Wed Jan 08 17:30:53 +0000 2025,0,12,0,1,2182
1876739172792181085,Lemon Argentina,Same,Tue Jan 07 21:14:21 +0000 2025,1,15,0,2,3449
1876630032933859362,Lemon Argentina,"Bueno sÃ­ muy contento, este logro es de todo el equipo que labura en la semana para dar lo mejor ah re se ponÃ­a el cassette no

Ahora podÃ©s ver la cotizaciÃ³n del real para compras con PIX desde Lemon ğŸ‡§ğŸ‡·

No seas verdinho y pagÃ¡ en Brasil sin impuestosğŸ’²",Tue Jan 07 14:00:40 +0000 2025,2,31,0,5,4924
1873508030463254556,Lemon Argentina,Ahora tambiÃ©n hacemos inflables ğŸ‹â˜€ï¸ğŸ’¦,Sun Dec 29 23:14:57 +0000 2024,5,92,0,5,9794
1873155320207528298,Lemon Argentina,Hay souvenir para usar mucho en el veranito ğŸ˜ğŸ¥¤ https://t.co/ywK4OUtiC4,Sat Dec 28 23:53:24 +0000 2024,2,31,0,5,5285
1873007288837087394,Lemon Argentina,"A quÃ© hora se habilitan las caipis? ğŸ‡§ğŸ‡·ğŸ¹

PagÃ¡ por PIX en Lemon y ahorrÃ¡ un 15% en cada compra https://t.co/VUKXj3rXfa",Sat Dec 28 14:05:11 +0000 2024,4,35,0,7,4148
1872766463096045983,Lemon Argentina,Olha que coisa mais linda https://t.co/iYi7pTfAdr,Fri Dec 27 22:08:13 +0000 2024,2,43,0,10,6090
1872691877444763944,Lemon Argentina,PERO QUÃ‰ LINDO (y barato) SE PUSO EL VERANO EN BRASILLLLL ğŸ‡§ğŸ‡·,Fri Dec 27 17:11:51 +0000 2024,3,29,0,1,4237
1872337768761950498,Lemon Argentina,"SON LAS 5 DE LA MAÃ‘ANA Y YO NO HE DORMIDO NADA PENSANDO EN TU BELLEZA Y LOCO VOY A PARAR ğŸ’ƒ

Si alguno no se enterÃ³, el sabado los esperamos PERSONALMENTE para tomar algo, comer pizza y quizÃ¡s llevarse premios ğŸ

Quedan poquitas entradas ğŸ‘‡ğŸ»

https://t.co/X7D2v77s6c",Thu Dec 26 17:44:45 +0000 2024,2,18,1,4,8305
1872308460379111729,Lemon Argentina,"Del otro dÃ­a pagando el morfi con PIX ğŸ‡§ğŸ‡·

Si andÃ¡s por Brasil y querÃ©s que te lo habilitemos para pagar desde Lemon y ahorrarte los impuestos, dejame tu $lemontag acÃ¡ abajo ğŸ˜‰ğŸ‘‡ https://t.co/0HES8z5s23",Thu Dec 26 15:48:17 +0000 2024,12,105,1,138,20588
1871278254398828628,Lemon Argentina,"TENEMOS GANADORES DEL SORTEO NAVIDEÃ‘OğŸ„

ğŸ¥‡ $teteco218
ğŸ¥ˆ $valerianoemisosa
ğŸ¥‰ $llazzarone1

Felicidades a los que la rompieron sumando chances con su Lemon Card ğŸ‘ https://t.co/u2ziuG49vu",Mon Dec 23 19:34:37 +0000 2024,0,23,0,8,2835
1871203034421920098,Lemon Argentina,"Che flaco, pero lanzamos PIX hace dos dÃ­as nada mÃ¡s https://t.co/9fXKloVk0o",Mon Dec 23 14:35:43 +0000 2024,4,72,0,9,3964
1871010489414955435,Lemon Argentina,Dejo dos recordatorios importantes acÃ¡ abajo ğŸ‘‡ğŸ§µ,Mon Dec 23 01:50:37 +0000 2024,1,10,0,2,3320
1870537477104009501,Lemon Argentina,Bom diaaa! Esta semana prendemos PIX para todos los que nos vayan dejando $lemontags ğŸ‡§ğŸ‡· https://t.co/X4vKIX4Ney,Sat Dec 21 18:31:02 +0000 2024,15,115,4,100,21548
1870186993218404414,Lemon Argentina,El argentino nace donde quiere ğŸ‡¦ğŸ‡·ğŸ™Œ,Fri Dec 20 19:18:20 +0000 2024,0,19,0,1,3226
1870147314934849634,Lemon Argentina,"Ya se acerca Noche Buena, ya se acerca Navidad ğŸ¶ para todos ustedes, el regalo de PapÃ¡ (Noel): Lemon Fridays NavideÃ±o ğŸ… para recibir unos satoshis abajo del arbolitoğŸ„

$30.000 para dividir entre dos ganadores

Â¿CÃ³mo participÃ¡s?
ğŸ‘‰ RT + tu $lemontag
ğŸ“† Sorteamos el lunes 23/12 https://t.co/upTQ482DyI",Fri Dec 20 16:40:40 +0000 2024,478,322,53,512,22580
1870103006693220550,Lemon Argentina,"""Bueno, Franco no tiene asiento, pero al menos las moneditas estÃ¡n subiendo, Â¿verdad?""

Yo: https://t.co/fo8nMluNPx",Fri Dec 20 13:44:36 +0000 2024,1,37,0,4,2539
1869814342130249928,Lemon Argentina,"Che, Â¿y ustedes quÃ© autorregalo se harÃ­an con 1000 USD en BTC?

Los leo ğŸ‘€ğŸ‘‡",Thu Dec 19 18:37:33 +0000 2024,0,25,0,24,4548
1869490710644437289,Lemon Argentina,"Llegan las fiestas, llega fin de aÃ±o, y tambiÃ©n llega Ã‰L.

El  A G U I N A L D O

En Lemon creemos que hay ciertos PERSONAJES para identificar. FaveÃ¡ tranquilo con el que te sientas identificado ğŸ˜‰ https://t.co/NFJNIjVNsp",Wed Dec 18 21:11:33 +0000 2024,0,15,0,2,2624
1869479364313915889,Lemon Argentina,En el 130 hasta los 130k ğŸšŒâš¡ï¸ https://t.co/324uErG91d,Wed Dec 18 20:26:28 +0000 2024,1,26,0,4,2330
1869476824855482521,Lemon Argentina,"NOVEDADES EN LA HOME ğŸ”

Llega el verano y refrescamos un poquito la home de la app:

ğŸ‘‰Â Nuevo centro de envÃ­os
ğŸ‘‰Â Lupita para encontrar lo que querÃ©s
ğŸ‘‰Â Nuevo centro de notificaciones

En este hilo te cuento todos los detalles ğŸ§µ https://t.co/BbYhlUWgV2",Wed Dec 18 20:16:22 +0000 2024,1,29,1,5,4320
1869418261764575551,Lemon Argentina,"BOM DIA, atualize o app para aproveitar todas as novidades! ğŸ‡§ğŸ‡·Â  

Ah de repente era BR, bueno actualizÃ¡ la app negry https://t.co/GVjDRD08R1",Wed Dec 18 16:23:40 +0000 2024,5,42,0,7,3906
1869134887334347150,Lemon Argentina,"ğŸ‡§ğŸ‡· PAGÃ CON PIX desde Lemon ğŸ‡§ğŸ‡·

Este verano, liberÃ¡ espacio en el celu y en la billetera:

âœ… Al mejor tipo de cambio
âœ… Sin impuestos
âœ… Sin llevar reales
âœ… Sin usar apps que no conocÃ©s

DejÃ¡ tu $lemontag acÃ¡ abajo si te vas a Brasil y querÃ©s ser de los primeros en probarlo ğŸ‘‡ https://t.co/e6jMxK1USH",Tue Dec 17 21:37:38 +0000 2024,14,172,7,256,45704
1869049751079178647,Lemon Argentina,"Che, consulta: Â¿QuiÃ©n de acÃ¡ se va a Brasil este verano?Â ğŸ–ï¸ğŸ‡§ğŸ‡·",Tue Dec 17 15:59:20 +0000 2024,1,43,1,28,7436
1868761760930709859,Lemon Argentina,"Las voy a usar hasta que Bitcoin llegue a 200k 

Salu2 https://t.co/72MVtGx56k",Mon Dec 16 20:54:58 +0000 2024,0,35,0,4,2499
1868758593048396227,Lemon Argentina,QuÃ© lindo arrancÃ³ la semana ğŸ”¥ https://t.co/ZRCdxyZ5e2,Mon Dec 16 20:42:23 +0000 2024,2,28,0,1,2627
1868729481843949822,Lemon Argentina,"Queremos seguir dÃ¡ndole el primer contacto con crypto a millones de personas alrededor del mundo de la manera mÃ¡s simple ğŸ’ªğŸ‹ 

Vamos por mÃ¡s junto a @EndeavorArg",Mon Dec 16 18:46:42 +0000 2024,0,9,0,2,2404
1868687430422774115,Lemon Argentina,"Â¿TenÃ©s EUROS y no sabes cÃ³mo MWORD pasarlos a pesos? A partir de hoy en Lemon tenÃ©s la soluciÃ³n mÃ¡s fÃ¡cil de todas, porque vas a poder usar tus euros en un toque ğŸ˜

AsÃ­ que si laburÃ¡s para afuera o tenÃ©s euros y necesitÃ¡s usarlos en ğŸ‡¦ğŸ‡·, Lemon es tu mejor opciÃ³n ğŸ¤³ https://t.co/xt1NUIKEey",Mon Dec 16 15:59:36 +0000 2024,3,19,0,2,3342
1868635666130850077,Lemon Argentina,"Â¿TodavÃ­a no activaste Lemon Earn? MirÃ¡ el podio de rendimiento de la semana anterior:

ğŸ¥‡ $DAI 15.61%
ğŸ¥ˆ $USDC 13.4%
ğŸ¥‰ $USDT 9.73%

El promedio de las stables fue de 12.91% ğŸ’¸ https://t.co/laSS764lnf",Mon Dec 16 12:33:55 +0000 2024,0,7,0,1,2055
1868475433433673741,Lemon Argentina,La monedita querÃ­a cerrar bien arriba el fin de semana ğŸ˜ğŸŸ  https://t.co/WTDIKRom0o,Mon Dec 16 01:57:12 +0000 2024,4,48,0,1,3337
1867278103325896876,Lemon Argentina,BEST MEME NAVIDEÃ‘O HASTA AHORA ğŸ„,Thu Dec 12 18:39:26 +0000 2024,2,39,0,1,3768
1867265970332455262,Lemon Argentina,"Â¿QuerÃ©s terminar el aÃ±o con BTC? ğŸŸ 

Todas las compras que venÃ­s haciendo para abrir las cajitas navideÃ±as, ademÃ¡s de darte cashback, suman chances para:

EL SORTEO NAVIDEÃ‘O CON PREMIOS EN BITCOINğŸ„ğŸ…

SeguÃ­ limando la tarjetita porque entran todas las compras hasta el 22/12 ğŸ“† https://t.co/QfVG81b3dJ",Thu Dec 12 17:51:14 +0000 2024,7,73,1,24,28165
1867235139693981850,Lemon Argentina,"RÃ¡pido, Â¿estÃ¡n para un sorteo de Bitcoin? ğŸ¤‘ğŸ’¸ğŸ«°",Thu Dec 12 15:48:43 +0000 2024,7,320,1,152,12274
1866929782924972453,Lemon Argentina,"WhatsApp caÃ­do ğŸ™ƒ

Mejor sumate a la comunidad de Telegram de Lemon que acÃ¡ sigue todo chill ğŸ˜ğŸ‘‡ https://t.co/zmbTcXay2w",Wed Dec 11 19:35:20 +0000 2024,1,16,0,1,3650
1866888763554795968,Lemon Argentina,"Â¿CÃ³mo viene siendo su suerte con las cajitas? ğŸğŸ„

Un amigo me pasÃ³ esto reciÃ©n ğŸ˜ https://t.co/6i5rnO4067",Wed Dec 11 16:52:21 +0000 2024,1,18,0,19,3767
1866855983043281310,Lemon Argentina,"âŒ›ï¸ ÃšLTIMAS HORAS PARA PARTICIPAR âŒ›ï¸

AdemÃ¡s, necesito que escuchen atentamente jingle de este  #LemonFridays y respondan la encuesta que dejo abajoğŸ§µ 

A ver quÃ© opinan ustedes ğŸ‘€",Wed Dec 11 14:42:05 +0000 2024,0,13,0,4,2737
1866847065432621249,Lemon Argentina,Starlink con la Lemon Card = Internet + cashback en BitcoinğŸ¤,Wed Dec 11 14:06:39 +0000 2024,2,45,0,0,3166
1866832730299961619,Lemon Argentina,Te desea felices fiestas: el mejor equipo de soporte âœ¨,Wed Dec 11 13:09:41 +0000 2024,0,23,0,2,2746
1866577843062444514,Lemon Argentina,"Â¿EstÃ¡s para terminar el aÃ±o con 100mil satoshis de arriba? ğŸŸ 

Metele RT y dejÃ¡ tu $lemontag en la publicaciÃ³n de acÃ¡ abajo que maÃ±ana sorteamos los 2 premios ğŸ‘‡",Tue Dec 10 20:16:51 +0000 2024,142,148,12,137,13811
1866489885575831933,Lemon Argentina,"Cosas que podÃ©s hacer con tu Lemon Card en @YPFoficial 

ğŸš— Cargar nafta y llevarte Bitcoin de cashback
ğŸ¤¤ Comprar alfajores riquÃ­simos
ğŸ’¸ Retirar efectivo",Tue Dec 10 14:27:21 +0000 2024,1,20,0,1,2623
1866199040095924376,Lemon Argentina,"MirÃ¡ los nÃºmeros DeFi que trae esta notificaciÃ³n:

El rendimiento promedio de la semana pasada en las stables fue de 13.05% anual ğŸ”¥
 
El podio esta vez se repartiÃ³ asÃ­:

ğŸ¥‡ $USDT 14.91% 
ğŸ¥ˆ $USDC 14.21% 
ğŸ¥‰ $DAI 10.02%

Si TODAVÃA no lo hiciste, activÃ¡ Lemon Earn en la app ğŸ“² https://t.co/nQZmX1SHmx",Mon Dec 09 19:11:38 +0000 2024,0,22,0,6,2694
1866122891965648940,Lemon Argentina,"No sÃ©, yo veo un limÃ³n por ahÃ­ abajo a la derechağŸ¤­",Mon Dec 09 14:09:02 +0000 2024,0,35,0,4,3775
1862553542952677761,Lemon Argentina,"En estos dÃ­as de ofertas por todos lados, reventÃ¡ la Lemon Card para sumar cashback en Bitcoin ğŸŸ 

ğŸ“Œ Si hace un aÃ±o hacÃ­as una compra por ARS 1M, te llevabas USD 23 en BTC. Ese cashback hoy serÃ­an USD 57.5, o sea, mÃ¡s del doble ğŸ˜‰ https://t.co/9C5zdlUjKb",Fri Nov 29 17:45:43 +0000 2024,1,18,0,1,3091
1862532092157984828,Lemon Argentina,"A partir de este lunes, vas a pagar el subte con DOBLE CASHBACK ğŸ’³

En breves tiro mÃ¡s detalles por acÃ¡ ğŸ”œ https://t.co/CEGiXSmewS",Fri Nov 29 16:20:29 +0000 2024,12,177,5,8,9413
1862488019019722841,Lemon Argentina,"Buen dÃ­a.

Como habrÃ¡n podido ver algunos, efectivamente se aproximan cositas ğŸš‡ğŸ’³",Fri Nov 29 13:25:21 +0000 2024,0,85,0,13,4362
1861862839499071666,Lemon Argentina,ES EXACTAMENTE MEJOR DE LO QUE VOTÃ‰ ğŸš‡ğŸ‹âš¡ï¸ https://t.co/mkqDByHnwR,Wed Nov 27 20:01:07 +0000 2024,33,353,4,29,15840
1861790350152438113,Lemon Argentina,PENSAMIENTOS PANADERÃSIMOS CON MI LEMON CARD ğŸ’³ğŸŒ§ï¸,Wed Nov 27 15:13:04 +0000 2024,0,28,0,3,2899
1861780427930837045,Lemon Argentina,"Disculpame loko, pero asÃ­ es la comunidad champagne ğŸ¾

Sumate acÃ¡ ğŸ‘‰ https://t.co/PAtSLkdxJI ğŸ“²

CrÃ©eme que no te vas a arrepentir https://t.co/djTgfHnymW",Wed Nov 27 14:33:38 +0000 2024,0,14,1,1,2960
1861485095464423737,Lemon Argentina,En mi imaginaciÃ³n es algo asÃ­ ğŸª„ğŸ‹ğŸš‡ https://t.co/0D4FjYFFXW,Tue Nov 26 19:00:06 +0000 2024,15,138,1,13,16466
1861451721223876688,Lemon Argentina,"Che, si yo les digo: subte y cashback. Â¿QuÃ© piensan? ğŸš‡âš¡ï¸",Tue Nov 26 16:47:29 +0000 2024,6,151,1,31,10365
1861066863486099898,Lemon Argentina,"Y sÃ­ que laburaron las crypto la semana pasada, porque el rendimiento promedio fue de 8.43% anual ğŸ”¥ğŸ“Š

Â¿CuÃ¡l rindiÃ³ mÃ¡s en promedio? 

ğŸ¥‡ $DAI 8.86%
ğŸ¥ˆ $USDC 8.59%
ğŸ¥‰ $USDT 7.86%

No te cuelgues y activÃ¡ tus rendimientos crypto en la app ğŸ¤³ https://t.co/2UXVljjull",Mon Nov 25 15:18:11 +0000 2024,6,26,0,1,3104
1860049459465585091,Lemon Argentina,Ni Dinho amagÃ³ tanto como Bitcoin hoy,Fri Nov 22 19:55:23 +0000 2024,0,21,0,2,3101
1860001867276911010,Lemon Argentina,"La gente que responde su $lemontag y un GIF gracioso les juro que los leo y me hacen reÃ­r mucho.

Los tkm ğŸ«¶",Fri Nov 22 16:46:16 +0000 2024,1,25,0,9,4427
1859994445510488261,Lemon Argentina,"CHE LLEGÃ“. Â¿El Bitcoin a 100k? Ah no, eso todavÃ­a no, yo hablaba del #LemonFridays ğŸŸ 

Tenemos $30.000 en $BTC para dividir entre dos ganadores.

Â¿CÃ³mo participÃ¡s?
ğŸ‘‰Â RT + tu $lemontag
ğŸ“†Â Sorteamos el lunes 25/11 https://t.co/O8ZxDbcg0k",Fri Nov 22 16:16:47 +0000 2024,465,303,55,517,38543
1859827486688936440,Lemon Argentina,99K y a dormir ğŸ¥±,Fri Nov 22 05:13:21 +0000 2024,1,41,1,5,3547
1859701476697965018,Lemon Argentina,"Y AHORA QUE ESTÃ CERCA DE 100K ES UN GRAN MOMENTO PARA DECIR QUIENES FUERON LOS GANADORES DEL SORTEO DE 1700 USD EN BITCOIN ğŸ¥³

ğŸ¥‡$benedetti13 - 1000 USD EN $BTC
ğŸ¥ˆ $prietoagus - 500 USD EN $BTC
ğŸ¥‰ $fioravantisergio - 200 USD EN $BTC

Â¡Â¡FELICITACIONES!! ğŸ‘SE ME TRABÃ“ LA MAYUS https://t.co/HTjWaqUPBZ",Thu Nov 21 20:52:38 +0000 2024,0,26,0,7,6058
1859690964673233258,Lemon Argentina,https://t.co/1xEHzzMbnJ,Thu Nov 21 20:10:52 +0000 2024,1,23,0,0,3361
1859586299595772225,Lemon Argentina,"Los que se vienen subiendo a bondis hace mÃ¡s de dos aÃ±os, no pueden creen con la vuelta que estÃ¡n por dar ğŸ”¥ https://t.co/HUnIix5tHE",Thu Nov 21 13:14:57 +0000 2024,3,53,1,9,4011
1859572476168094166,Lemon Argentina,"El 21 de noviembre de 2023, Bitcoin valÃ­a USD 37.400

El 21 de noviembre de 2024, Bitcoin vale USD 98. 216

En un aÃ±o su precio creciÃ³ un 146% https://t.co/ndrRGC0rIS",Thu Nov 21 12:20:02 +0000 2024,4,33,1,3,4012
1859458868742427018,Lemon Argentina,97K y contando ğŸ”¥ğŸ”¥ğŸ”¥,Thu Nov 21 04:48:36 +0000 2024,6,43,0,3,3236
1859451495449538972,Lemon Argentina,"El Bitcoin durante el dÃ­a: ğŸ¥±ğŸ˜´ğŸ’¤

El Bitcoin a la noche: me encanta salir de nocheee, yo no le temo a la oscuridad ğŸŒ™ğŸ•ºğŸ˜",Thu Nov 21 04:19:18 +0000 2024,9,87,0,2,3667
1859448313998684457,Lemon Argentina,"SeÃ±oras y seÃ±ores, que tengan ustedes muy buenas noches ğŸŒ™ https://t.co/NioHjxh5Qw",Thu Nov 21 04:06:39 +0000 2024,7,70,1,5,8391
1859393804744392821,Lemon Argentina,"Bueno, otra vez serÃ¡ @lemonapp_pe ğŸ‘‹ğŸ˜ joda los tkm

Ahora, a lo que vinimos, los premios para los que la rompieron toda con los resultados:

50mil satoshis ğŸ‘‰ $juanvillada ğŸ‡¦ğŸ‡·
50mil satoshis ğŸ‘‰ $jg585215 ğŸ‡µğŸ‡ª
100mil satoshis ğŸ‘‰ $doge

Esperamos repetirlo en 2026 ğŸ‡ºğŸ‡¸ğŸ‡²ğŸ‡½ğŸ‡¨ğŸ‡¦  ğŸ˜",Thu Nov 21 00:30:03 +0000 2024,0,13,0,2,3471
1859348795173240926,Lemon Argentina,"Despertate pibe, y actualizÃ¡ la app!!!! https://t.co/4RIxRJYV6I",Wed Nov 20 21:31:12 +0000 2024,2,30,0,2,2650
1859340550077546925,Lemon Argentina,"""3972 satoshis sale un paty acÃ¡. Con 3972 satoshis... con 3972 satoshis me hago alto guiso""",Wed Nov 20 20:58:26 +0000 2024,3,28,0,1,3173
1859336942598398331,Lemon Argentina,"TodavÃ­a tenÃ©s tiempo para participar por 1000 USD en Bitcoin.

Acordate:

ğŸ’³ Una compra con la Lemon Card = una chance
ğŸ’² Una compra de Bitcoin con pesos = una chance
â™»ï¸ Una venta o cambio de Bitcoin a otra moneda = una chance

METELE QUE QUEDAN SOLO 6 HORITASS âŒ›ï¸",Wed Nov 20 20:44:06 +0000 2024,1,21,0,2,3120
1859311748739674201,Lemon Argentina,"A todo esto, como lo escriben ustedes? KUCHAU, CUCHAU, KU-CHOW?",Wed Nov 20 19:03:59 +0000 2024,1,16,0,4,3081
1859266707816079380,Lemon Argentina,KUCHAU âš¡ï¸ https://t.co/hnh0vQMqwr,Wed Nov 20 16:05:01 +0000 2024,4,75,2,4,7062
1859240441104711687,Lemon Argentina,"En septiembre del aÃ±o pasado el precio de Bitcoin era de 24.000 USD

Â¿QuiÃ©n hubiera dicho que en un poco mÃ¡s de un aÃ±o iba a subir 24.000 USD en MENOS DE 1 MES?

ğŸ“Œ Noviembre viene siendo el mes con mayor suba de BTC en dÃ³lares en la historia https://t.co/65UnP97Uwg",Wed Nov 20 14:20:38 +0000 2024,4,22,0,2,2297
1859238277632471535,Lemon Argentina,"Y hablando de Bitcoin, hoy es EL ÃšLTIMO DÃA para participar de 1000 USD en dicha monedita. 

TenÃ©s varias formas de participar ğŸ‘‡ https://t.co/JOsVVAepuo",Wed Nov 20 14:12:03 +0000 2024,1,5,0,1,2334
1859237485370355949,Lemon Argentina,"El tipo se levantÃ³, dijo ""Hola buen dÃ­a"" y metiÃ³ otro ATH ğŸ”¥ https://t.co/6IKoINK5rV",Wed Nov 20 14:08:54 +0000 2024,1,12,1,0,3930
1859010624996663341,Lemon Argentina,"Antes que arranque el partido âš½ï¸ comprate la picadita y la birra con tu Lemon Card, y sumÃ¡ una chance por el sorteo de 1000 USD en Bitcoin ğŸ˜‰",Tue Nov 19 23:07:26 +0000 2024,0,13,0,5,2734
1858979756768981098,Lemon Argentina,"HabrÃ­a que hacer una competencia de quiÃ©n tarda menos en pedirse una Lemon Card.

Â¿CuÃ¡l serÃ¡ el tiempo mÃ­nimo? ğŸ¤”",Tue Nov 19 21:04:46 +0000 2024,0,13,0,1,2847
1858976605034684632,Lemon Argentina,"En unas horas arranca el partido, pero la previa ya arrancÃ³ en Amigos.

ArriesgÃ¡ el resultado que por ahÃ­ ligÃ¡s unos satoshis ğŸ‘€",Tue Nov 19 20:52:15 +0000 2024,0,10,0,0,2565
1858948177010799089,Lemon Argentina,"Bueno, si compraron o vendieron Bitcoin entre el viernes y hoy, sumaron chances para participar por 1000 USD en Bitcoin.

Si comprÃ¡s o vendÃ©s ahora, tambiÃ©n sumÃ¡s chances.

El ATH mÃ¡s lindo de todos ğŸ¥³",Tue Nov 19 18:59:17 +0000 2024,0,12,0,1,2017
1858946481602068625,Lemon Argentina,"Que no te corten las piernas en este 94.

ComprÃ¡ o vendÃ© en un toque desde la app ğŸ˜‰ https://t.co/2RDYL7DFSx",Tue Nov 19 18:52:33 +0000 2024,0,12,0,0,1932
1858942644182716420,Lemon Argentina,Insultos que dolerÃ¡n aÃºn mÃ¡s en el futuro: tu papÃ¡ vendiÃ³ Bitcoin en 20k,Tue Nov 19 18:37:18 +0000 2024,2,39,0,4,3425
1858938945062441036,Lemon Argentina,"AcÃ¡ van unos datos picantes que te van a hacer dimensionar lo ENORME que es 3 millones de usuarios

Arranco ğŸ‘‡ https://t.co/0zyF9vpoJf",Tue Nov 19 18:22:36 +0000 2024,0,11,0,1,1794
1858936110467981610,Lemon Argentina,"3 millones de historias. 3 millones de personas que ya viven en el futuro de las finanzas y del internet ğŸŒÂ SÃ­, ya hay mÃ¡s de 3 millones de usuarios que eligen Lemon todos los dÃ­as ğŸ‹

MirÃ¡ cÃ³mo se ve la civilizaciÃ³n Lemon ğŸŒ https://t.co/O38F7NUNW4",Tue Nov 19 18:11:20 +0000 2024,1,19,1,1,2069
1858848974322446775,Lemon Argentina,Estas son las menciones que me gustan ğŸ‘‡,Tue Nov 19 12:25:05 +0000 2024,0,13,0,0,2743
1858847689711980764,Lemon Argentina,"SÃ­, el cafecito para arrancar la semana se compra con la maleducada, aka la Lemon Card ğŸ’³â˜•ï¸

Y de paso sumÃ¡s una chance por hasta 1000 USD en Bitcoin. Salu2 y buen dÃ­a â˜€ï¸ https://t.co/MrPbHoXIvP",Tue Nov 19 12:19:59 +0000 2024,0,22,0,3,2044
1851330837239013585,Lemon Argentina,"CHEEE tenemos algo para contarles, pero por el momento solo puedo darles estas pistas ğŸ˜¶ğŸ¤«

Los leo a ver quÃ© piensan que es ğŸ‘€ https://t.co/oZz4m3OKIx",Tue Oct 29 18:30:42 +0000 2024,3,71,0,53,9748
1851304319582134687,Lemon Argentina,"Nadie:-
Absolutamente nadie:-

*Sube $BTC* 

Yo: ""A ver cuanto cashback acumulÃ© desde que uso la Lemon Card ğŸ¤©"" https://t.co/FSEV3U86tb",Tue Oct 29 16:45:20 +0000 2024,0,16,0,1,2095
1851292151197679712,Lemon Argentina,daledaledaledale https://t.co/AzCuVtdGZ0,Tue Oct 29 15:56:58 +0000 2024,0,59,0,3,4697
1851255433811386380,Lemon Argentina,Hermoso dÃ­a para tener solo 1% de comisiÃ³n en depÃ³sitos de USD a USDC ğŸ‘‹,Tue Oct 29 13:31:04 +0000 2024,0,8,0,2,2455
1851035040878129322,Lemon Argentina,Los $BTC que acabamos de sortear en el #LemonFridays ahora valen mÃ¡s porque este chad se levantÃ³ re picante ğŸ¥µ ğŸš€ https://t.co/fDe4SVwCdd,Mon Oct 28 22:55:18 +0000 2024,0,16,0,3,2423
1851027915691176403,Lemon Argentina,Lo mejor de los 70. https://t.co/9zjolfBFRv,Mon Oct 28 22:27:00 +0000 2024,0,20,0,2,2335
1850934152687767965,Lemon Argentina,Fin de mes + subida de $BTC = empiezo a mirar el cashback acumulado con mucho cariÃ±o ğŸ‘€,Mon Oct 28 16:14:25 +0000 2024,0,15,0,1,2712
1850914470794555446,Lemon Argentina,"Es de mi agrado informarles que se han acreditado correctamente las ganancias por Lemon Earn de la semana pasada ğŸ¤‘ğŸ’¸

ğŸ¥‡ $USDC 5.98%
ğŸ¥ˆ $DAI 5.13%
ğŸ¥‰ $USDT 4.3%

ğŸ“ŠEl promedio de las stables la semana pasada fue de 5.14%

ActivÃ¡ tus rendimientos crypto en la app ğŸ˜‰ https://t.co/bBu8lGVUhv",Mon Oct 28 14:56:12 +0000 2024,2,14,1,0,1916
1850629470589538334,Lemon Argentina,"Antes que arranque la carrera, participÃ¡ del #LemonFridays, que viene con una entradita para @labitconf ğŸ«

MirÃ¡ si arrancÃ¡s la semana con premio doble ğŸ˜‰",Sun Oct 27 20:03:43 +0000 2024,6,21,2,4,4080
1849845611958247902,Lemon Argentina,Che un dÃ­a hay que hacer competencia de mejor $lemontag,Fri Oct 25 16:08:57 +0000 2024,2,23,0,7,3452
1849844248276803994,Lemon Argentina,Jere guiando al resto a dejar sus $lemontags,Fri Oct 25 16:03:31 +0000 2024,2,3,0,1,2652
1849843527695368279,Lemon Argentina,"Â¿Bitcoiner de pura cepa? Este #LemonFridays es para VOS ğŸ«µÂ AdemÃ¡s de los $30.000 en $BTC que tenemos para repartir entre dos ganadores, esta vez se suma una entrada para cada uno a @labitconf, el evento MÃS BITCOINERO DEL AÃ‘O ğŸŸ 

Â¿CÃ³mo participÃ¡s?

ğŸ‘‰Â RT + tu $lemontag
ğŸ“† https://t.co/ULyYQaW1JW",Fri Oct 25 16:00:40 +0000 2024,376,233,39,402,38173
1849830932796117381,Lemon Argentina,"The virgin tarjeta de dÃ©bito: â€œHiciste una compra. Saludos ğŸ‘â€

The chad Lemon Card: https://t.co/JK6olFZa6E",Fri Oct 25 15:10:37 +0000 2024,2,12,0,2,1861
1849555338355146938,Lemon Argentina,"ğŸ‹ğŸ¤ğŸŸ£

En este hilo de @0xPolygon, un poquito de data sobre cÃ³mo acercamos crypto a mÃ¡s de 2.9 millones de usuarios en AmÃ©rica Latina ğŸš€

â–¶ï¸ MÃ¡s del 1% de la poblaciÃ³n argentina tiene su Lemmy NFT en @0xPolygon 
â–¶ï¸ MÃ¡s de 1 millÃ³n de tarjetas VISA Lemon Card emitidas

MirÃ¡ ğŸ‘‡",Thu Oct 24 20:55:30 +0000 2024,1,6,0,1,2598
1849509943679795217,Lemon Argentina,"Todos los depÃ³sitos en USD que entren hasta el 30/10 tienen solo 1% de comisiÃ³n.

Es momento de traer los verdes de arafue ğŸ’¸ y usarlos en $USDC en Lemon ğŸ‹ https://t.co/gJwEv34dUu",Thu Oct 24 17:55:07 +0000 2024,3,16,1,5,5126
1849431595846885678,Lemon Argentina,ay https://t.co/dF7bGcOUqG,Thu Oct 24 12:43:47 +0000 2024,0,11,0,0,2791
1849122195026370987,Lemon Argentina,"Cito y me voy
la Lemon Card es como un dioooos
Cito y me voooy",Wed Oct 23 16:14:20 +0000 2024,1,12,0,2,3144
1848806630059643033,Lemon Argentina,De camino al futuro del dinero ğŸ‹ğŸšŒ https://t.co/yZxAjvL3FS,Tue Oct 22 19:20:24 +0000 2024,3,49,0,4,4655
1848800117668581858,Lemon Argentina,"Martes con la peligrosa, la del cashback histÃ³rico, la de quedar como un duque con los pibes pagando la cena para llevarte unos satoshis https://t.co/Izi2JBtmKG",Tue Oct 22 18:54:31 +0000 2024,0,17,0,1,2123
1848786279074234390,Lemon Argentina,No me quemeeeee,Tue Oct 22 17:59:32 +0000 2024,1,30,0,3,3397
1848470046903095632,Lemon Argentina,"CÃ³mo que estamos a 21 y ya no tengo mÃ¡s plata????? 

LlegÃ³ la hora de enfrentarme a mis peores demonios: https://t.co/YBYobk6G1n",Mon Oct 21 21:02:56 +0000 2024,3,18,0,5,3783
1848378737206690162,Lemon Argentina,"Hay que arrancar la semana con lo ganado en la anterior  ğŸ’ª 

ğŸ¯ El rendimiento promedio de stables se mantuvo en un 4.31%.  

ğŸ”µ $USDC -&gt; 5.16% 
ğŸŸ¢ $USDT -&gt; 4.68% 
ğŸŸ¡ $DAI -&gt; 3.83%  

$DAI pasÃ³ de primera a tercera en la tabla de stable rendidora en AAVE esta semana. https://t.co/oYuWepyR8I",Mon Oct 21 15:00:06 +0000 2024,0,17,0,2,2079
1848178911110189484,Lemon Argentina,Los $BTC que le regalÃ© a mi mamÃ¡ hoy: ğŸ“ˆğŸ“ˆğŸ“ˆ https://t.co/knQmFB8dtl,Mon Oct 21 01:46:04 +0000 2024,4,35,0,3,3843
1848092050014736400,Lemon Argentina,Mi vieja re contenta por el regalo que le hice/Yo que solo querÃ­a el 4% de cashback con la Lemon Card https://t.co/LrFYpdZvEP,Sun Oct 20 20:00:55 +0000 2024,4,20,0,1,2828
1848056248647717303,Lemon Argentina,"Feliz dÃ­a a sus madres, espero que le hayan comprado un lindo regalito con su Lemon Card ğŸ’³ğŸ¤‘",Sun Oct 20 17:38:39 +0000 2024,1,24,0,1,3410
1847722895016858106,Lemon Argentina,"Es de muy mal hijo no comprarle un regalo a tu mamÃ¡, y es muy de peor hijo no hacerlo con la Lemon Card y llevarte un zarpado 4% de cashback. 

Abzo",Sat Oct 19 19:34:01 +0000 2024,2,23,0,5,3319
1847285737269391768,Lemon Argentina,https://t.co/fzaVKX93bi,Fri Oct 18 14:36:55 +0000 2024,0,25,0,3,4017
1847279766711280112,Lemon Argentina,"FIN DE SEMANA DE CASHBACK 4% ğŸ”¥Â 2% en $BTC y 2% en $OP

Basta de quedar mal el DÃ­a de la Madre y caer con las manos vacÃ­as. AprovechÃ¡ que este finde para comprar todo lo que quieras y llevarte una bannnda de cashback ğŸâš¡ https://t.co/BVJ9UCPopr",Fri Oct 18 14:13:11 +0000 2024,2,18,0,8,18324
1847256615621202333,Lemon Argentina,"Buen dÃ­a. Consulta, Â¿cuÃ¡nto es 2+2?",Fri Oct 18 12:41:12 +0000 2024,1,32,0,61,11090
1846915273892233480,Lemon Argentina,"Che, a todo esto, Â¿todavÃ­a no sos parte de la mejor comunidad crypto de LATAM? 

No se diga mÃ¡s, sumate acÃ¡ ğŸ‘‰ https://t.co/PAtSLkdxJI",Thu Oct 17 14:04:49 +0000 2024,1,6,0,1,2352
1846902330370806041,Lemon Argentina,MIRÃ LO QUE ES EL DÃA. ESAS HARINAS SE COMPRAN SOLAS CON LA LEMON CARD ğŸ¥ğŸ’³,Thu Oct 17 13:13:24 +0000 2024,1,26,0,3,3832
1846593387840893134,Lemon Argentina,"""Hola sÃ­, Â¿acÃ¡ venden caramelos ÃCIDOS?"" https://t.co/fmW4KDVvAQ",Wed Oct 16 16:45:46 +0000 2024,0,29,0,3,3015
1846378173287498122,Lemon Argentina,https://t.co/MKtsXBXHRC,Wed Oct 16 02:30:35 +0000 2024,2,22,0,2,3851
1846374862840877527,Lemon Argentina,"Goleamos, subiÃ³ $BTC, hoy anunciamos que un lemoner se ganÃ³ dos pasajes a Brasil. 

QuÃ© se yo, uno se va a dormir contento ğŸ¥²",Wed Oct 16 02:17:25 +0000 2024,2,42,0,4,3636
1846255277236191250,Lemon Argentina,"CON UN LEMONER EN EL AVIÃ“N, DIRECTO A BRASILLL ğŸµğŸ‡§ğŸ‡·

Es de mi agrado informarles que TENEMOS GANADOR DE DOS PASAJES A RÃO DE JANEIRO

APLAUSOS PARAAAA ğŸ¥ğŸ¥ğŸ¥ğŸ¥ğŸ¥ğŸ¥Â $nzappitelli ğŸ¥‡

Â¿VOY A DEJAR DE GRITAR? NO. NOS VEMOS EN LA PLAYITA TOMANDO UNAS CAIPIS ğŸ¸

https://t.co/49YAuDP6r3 https://t.co/hEtzMxmU8a",Tue Oct 15 18:22:14 +0000 2024,2,12,0,6,2329
1846220870379098167,Lemon Argentina,BUENO SEÃ‘ORES. POR SI SE OLVIDARON: HOY UNA PERSONA SE GANA DOS PASAJES A RÃO DE JANEIRO ğŸ‡§ğŸ‡·âœˆï¸,Tue Oct 15 16:05:31 +0000 2024,6,72,0,9,5296
1846000550363455491,Lemon Argentina,? https://t.co/QDkM9T1NhN,Tue Oct 15 01:30:02 +0000 2024,1,31,0,4,4993
1845933946242039856,Lemon Argentina,"CON UNA LEMON CARD EN EL AVIÃ“N, DIRECTO A BRASILLLL ğŸ’³ğŸ‡§ğŸ‡·",Mon Oct 14 21:05:23 +0000 2024,0,33,0,7,4218
1839415744817463497,Lemon Argentina,"Volvemos aterrizar en Tierra del Fuego: la provincia que dominÃ³ con contundencia los desafÃ­os de la Copa y se consagrÃ³ como la provincia mÃ¡s crypto del paÃ­s â­

Vamos a tener dos eventos para charlar y compartir un espacio con la mejor comunidadÂ ğŸ’›

Abajo te dejo los detalles ğŸ‘‡",Thu Sep 26 21:24:22 +0000 2024,0,5,1,1,1965
1839378227003105392,Lemon Argentina,"ğŸ‚Â $USDC cumple 6 aÃ±os ğŸ‚

La stablecoin de @circle  ya tiene 6 aÃ±os en circulaciÃ³n. Actualmente, ocupa el puesto nÃºmero 6 de capitalizaciÃ³n de mercado, con mÃ¡s de 36.000.000.000 USD (sÃ­, una bocha de guita) https://t.co/3FMRhFC47X",Thu Sep 26 18:55:17 +0000 2024,2,17,0,1,2026
1839310585441525789,Lemon Argentina,Anda metiendo trekking el chad de $BTC â›°ï¸ https://t.co/HGVPPXdFYG,Thu Sep 26 14:26:30 +0000 2024,0,26,1,1,2526
1839014052535603568,Lemon Argentina,"Durante los Ãºltimos 7 dÃ­as, el valor del mercado crypto creciÃ³ mÃ¡s de 170 mil millones de dÃ³lares ğŸ’¸ğŸ«°

Â¿CuÃ¡les fueron algunas de las monedas que mÃ¡s subieron?

$CELO subiÃ³ 54%
$NEAR subiÃ³ 27%
$ZK subiÃ³ 22%

Las tres podÃ©s comprarlas en Lemon de manera muuuy fÃ¡cil ğŸ˜‰",Wed Sep 25 18:48:12 +0000 2024,1,20,0,2,2558
1838306389573124521,Lemon Argentina,"AgregÃ¡ a tus amigos e interactuÃ¡ con ellos en la app ğŸƒ

Ahora podÃ©s publicar tus transacciones que hagas en la app, y likear y/o responder las que hagan tus amigos ğŸ˜‰ ğŸ‹ https://t.co/nQiXhkYWTn",Mon Sep 23 19:56:12 +0000 2024,0,6,0,0,2444
1838222415937077427,Lemon Argentina,"Para activar los rendimientos en crypto y recibir esta notificaciÃ³n todos los lunes, lo hacÃ©s asÃ­, mirÃ¡ ğŸ‘‡ https://t.co/6HQSx9BtzN",Mon Sep 23 14:22:31 +0000 2024,1,14,0,2,3239
1838222231500910896,Lemon Argentina,Que clÃ¡sico se volviÃ³ recibir esta notificaciÃ³n los lunes ğŸ¤© https://t.co/4FbCECrwHB,Mon Sep 23 14:21:47 +0000 2024,0,5,1,1,4886
1837520774329942224,Lemon Argentina,"El verdadero clÃ¡sico es pedir delivery los findes ğŸ›µ

Acordate que con tu Lemon Card tenÃ©s 80% de descuento en Rappi Pro para disfrutar de las mejores promos ğŸ˜‰

Â¿QuÃ© comemos hoy? ğŸ”ğŸ•",Sat Sep 21 15:54:26 +0000 2024,1,8,0,1,2863
1837223152713175347,Lemon Argentina,"El miÃ©rcoles pasado, la FED de EEUU, redujo un 0.5% las tasa de interÃ©s ğŸ«°

Tasas bajas = mÃ¡s prÃ©stamos, mÃ¡s plata circulando e inversores buscando generar ganancias en inversiones variables (como crypto)

Â¿El CHAD de $BTC? SubiÃ³ mÃ¡s de un 7% en 24 horas y pasÃ³ los 63.000 USD ğŸ¤‘",Fri Sep 20 20:11:48 +0000 2024,1,15,0,2,2908
1837212789061931066,Lemon Argentina,"Hoy deberÃ­a ser un viernes de #LemonFridays, pero nos demoramos un poquito porque estamos preparando algo que les va a gustar mucho (MUCHO) mÃ¡s ğŸ¤Ÿ

Quedense atentos por acÃ¡ que en unos dÃ­as les traigo novedades ğŸ˜",Fri Sep 20 19:30:37 +0000 2024,1,63,1,10,3481
1836837787632554229,Lemon Argentina,Â¿Y este chad? https://t.co/IayFm3aZoZ,Thu Sep 19 18:40:30 +0000 2024,1,38,0,5,3506
1836784743402164625,Lemon Argentina,"Hace un tiempo lanzamos Amigos, una secciÃ³n de la app donde los lemoners pueden interactuar con otros lemoners ğŸ‹

Nuestro Head of Comms @aloblasco, te cuenta un poco de cÃ³mo y por quÃ© naciÃ³ este productoğŸ‘‡ https://t.co/cvd0T9vkqs",Thu Sep 19 15:09:43 +0000 2024,0,12,0,2,2247
1836512927660282247,Lemon Argentina,"Â¡Arrancamos! âš¡ï¸ğŸ’» 

@draper_u ğŸ™Œ https://t.co/CzGZLF1A2T",Wed Sep 18 21:09:37 +0000 2024,2,23,0,4,6164
1836151898472063005,Lemon Argentina,"Â¿Vieron que cada tanto tenÃ©s que ir al Store y actualizar la app? Bueno, es momento de hacerlo. 

DejÃ¡ de leer y andÃ¡ a actualizarla, dale.",Tue Sep 17 21:15:01 +0000 2024,2,40,0,14,4507
1836068743434342871,Lemon Argentina,"Â¿Sos fan del delivery? Entonces leeme este noticiÃ³n ğŸ‘‰Â 80% de descuento en Rappi Pro ğŸ‘‘Â pagando con Lemon Card y usando el cÃ³digo: lemonrappipro3

ğŸ›µÂ EnvÃ­os gratis ilimitados
ğŸ›ï¸Â Descuentos en tarifas de servicio
ğŸ’¸Â Acceso exclusivo a los mejores descuentos de Rappi https://t.co/KXHmJD5qR1",Tue Sep 17 15:44:35 +0000 2024,1,12,0,3,4242
1835758430344171956,Lemon Argentina,ğŸ‘€ğŸ‹ https://t.co/0GYYS9U8Hu,Mon Sep 16 19:11:31 +0000 2024,0,33,0,0,4335
1835713845949526223,Lemon Argentina,"Â¿Sos un Rootstocker de pura cepa? Â¿O no pero querÃ©s saber como usar Lemon para tener RBTC en @rootstock_io? AcÃ¡ abajo te dejo una guÃ­a desde cero para que te descargues la app y puedas pasar de tener crocantes a RBTC en un toque ğŸ˜‰ğŸ‘‡

https://t.co/zdb8kj2dcK",Mon Sep 16 16:14:21 +0000 2024,3,14,2,1,2955
1835701986743726258,Lemon Argentina,"Mientras vos descansabas, tus crypto en Lemon estuvieron TACA TACA laburando 24/7 â›ï¸

Y los lunes llega la notificaciÃ³n mÃ¡s linda de todas ğŸ˜‰ https://t.co/E8hpUlb45a",Mon Sep 16 15:27:13 +0000 2024,2,15,0,1,2545
1834729255038574839,Lemon Argentina,https://t.co/OjmGUT3Sx2,Fri Sep 13 23:01:56 +0000 2024,1,42,0,3,5067
1834636487779893678,Lemon Argentina,"TENEMOS GANADORES DEL SORTEO DE LOS 500.000 ARS POR ACTIVAR LOS RENDIMIENTOS EN PESOS ğŸ¥ğŸ¥ğŸ¥

Felicidades a:
$diabetica.com
$_____svazquez
$kevin.c

Ganaron $500.000 en Bitcoin ğŸ‘

Certificado de validez: https://t.co/GDqgpyUGmI https://t.co/y6WFYiARns",Fri Sep 13 16:53:19 +0000 2024,3,39,0,11,4005
1834572728524853529,Lemon Argentina,"BUEN DÃA, quÃ© macumba estÃ¡n haciendo ya? ğŸ‘€ https://t.co/3QzlYVbmku",Fri Sep 13 12:39:57 +0000 2024,0,22,0,4,2491
1834310340512768004,Lemon Argentina,ğŸ‹ğŸ¥¹,Thu Sep 12 19:17:19 +0000 2024,1,23,0,1,3434
1834292105226944645,Lemon Argentina,"""Los emprendedores son los superhÃ©roes modernos"" @lemoncheli Founder &amp; CEO ğŸ‹

ğŸ“ @EndeavorArg https://t.co/3OMGP7cYeP",Thu Sep 12 18:04:52 +0000 2024,2,13,0,2,2525
1834253167720055203,Lemon Argentina,"ğŸš¨ÃšLTIMO DÃA PARA PARTICIPAR

Â¿QuerÃ©s ganar 500 lucas? Ok, entonces activÃ¡ tus rendimientos en la app ğŸ«¡",Thu Sep 12 15:30:08 +0000 2024,4,53,0,13,3669
1834252484837003405,Lemon Argentina,"A sala llena en @EndeavorArg en Rosario para que @lemoncheli cuente su camino emprendedor que lo llevÃ³ a fundar Lemon ğŸ‹

Â¿Alguno anda por acÃ¡? ğŸ‘€ https://t.co/HhRIRsCsU1",Thu Sep 12 15:27:25 +0000 2024,0,19,0,1,1802
1834010154095824906,Lemon Argentina,"La importancia de tener una Prueba de Reservas en vivo que muestre dÃ³nde estÃ¡n las crypto de los usuarios todo el tiempo, todos los dÃ­as, por @aloblasco 

ğŸ“ Congreso AMBA 360 https://t.co/Hik9FTeuGJ",Wed Sep 11 23:24:29 +0000 2024,0,8,0,3,2484
1833894323319947731,Lemon Argentina,"Banca y Crypto, rompiendo las fronteras para la transformaciÃ³n

Hoy, @aloblasco, Head of Communications ğŸ‹Â va a participar en un panel del Congreso Anual de la AsociaciÃ³n de Marketing Bancario Argentino para debatir sobre cÃ³mo acercar crypto a mÃ¡s personas y la integraciÃ³n entre https://t.co/cSeytvgas6",Wed Sep 11 15:44:13 +0000 2024,1,13,0,2,2118
1833863829710606608,Lemon Argentina,"Buen dÃ­a, quedan pocos dÃ­as para el sorteo de las 500 luquitas, ya activaste tus rendimientos? Yo sÃ­. https://t.co/El2hzKkRIU",Wed Sep 11 13:43:03 +0000 2024,0,30,0,5,2384
1833251853045535007,Lemon Argentina,"Â¿TenÃ©s ideas para Web3 y querÃ©s hacerlas realidad? ğŸ’¡

Anotate al Pitch Competition de Draper University en nuestras oficinas y participÃ¡ por:  
ğŸ“Œ Un lugar en el prÃ³ximo programa de @draper_u en Silicon Valley.
ğŸ’° 50.000 USD de inversiÃ³n en tu proyecto. 

MÃ¡s info y el link para https://t.co/CJq418eqyK",Mon Sep 09 21:11:16 +0000 2024,3,25,3,9,15509
1833214824957829340,Lemon Argentina,AdemÃ¡s de ser fachera te devuelve un porcentaje de tu compra en Bitcoin cada vez que la usas,Mon Sep 09 18:44:08 +0000 2024,1,25,1,1,4345
1833167873042153805,Lemon Argentina,"GM ğŸ§‰

Si activÃ¡s los rendimientos en pesos: automÃ¡ticamente participas por 500 lucas ;)

Sorteamos el 13/9 ğŸ˜ https://t.co/a39BfuYOnL",Mon Sep 09 15:37:34 +0000 2024,5,57,1,7,3570
1832845702210453961,Lemon Argentina,Que fachero anda el 60 ğŸ‘€ğŸ‹ https://t.co/5AOveAhcfM,Sun Sep 08 18:17:22 +0000 2024,1,40,0,2,3734
1832819160822198389,Lemon Argentina,"BUEN DÃA, me imagino que ya participaron, no?",Sun Sep 08 16:31:54 +0000 2024,1,49,1,12,5134
1832100270504829026,Lemon Argentina,"ğŸš¨Â PARA PARTICIPAR EN ESTE FRIDAYS TENÃ‰S QUE TENER ACTIVADOS LOS RENDIMIENTOS EN PESOS ğŸš¨

Hoy es VIERNES DE #LemonFridays EDICIÃ“N ESPECIAL ğŸ¤‘

Porque tenemos $30.000 ARS en $BTC para repartir entre dos ganadores ğŸ†

Â¿CÃ³mo participÃ¡s?
ğŸ‘‰Â RT + tu $lemontag
ğŸ‘‰Â ActivÃ¡ los https://t.co/DGZeyiLm3w",Fri Sep 06 16:55:17 +0000 2024,546,365,80,616,38616
1832067365724356968,Lemon Argentina,"Â¿SabÃ­as que en Lemon podÃ©s recibir dÃ³lares del exterior de quiÃ©n quieras? ğŸ’µ

â©Â Tanto de cuentas propias, plataformas cÃ³mo Paypal, Payoneer y Wise o transferencias de cualquier persona. https://t.co/U8kGHz3mwA",Fri Sep 06 14:44:32 +0000 2024,0,9,0,6,2533
1832053996934270999,Lemon Argentina,"Buen dÃ­a, yo que vos activo los rendimientos en pesos. DespuÃ©s te vas a enterar por quÃ©... ğŸ‘€",Fri Sep 06 13:51:25 +0000 2024,4,70,0,12,5172
1831815746072277352,Lemon Argentina,PRENDIMOS MUCHACHOS ğŸ‘‰ğŸ¼ https://t.co/DwBrU009fT,Thu Sep 05 22:04:42 +0000 2024,1,9,1,2,2387
1831805571399610859,Lemon Argentina,Nos vemos en un rato acÃ¡ https://t.co/4LHfSBclaL ğŸ«¡,Thu Sep 05 21:24:16 +0000 2024,0,12,0,2,3056
1831767458858070524,Lemon Argentina,Me emociono loko ğŸ¥¹ğŸ‹ https://t.co/EjuWRem3H8,Thu Sep 05 18:52:49 +0000 2024,0,13,0,3,2325
1829276178772898174,Lemon Argentina,"Ahora tus pesos tambiÃ©n rinden en Lemon. Y sabemos que capaz querÃ©s saber cÃ³mo funciona, cÃ³mo activarlo o cuÃ¡l es la tasa ğŸ’¸

Primero tenÃ©s que saber que no hace falta que tengas pesos en la cuenta para activarlo, podÃ©s hacerlo igual.

El resto te lo cuento en este hilo ğŸ§µğŸ‘‡ https://t.co/pZCVMHDY40",Thu Aug 29 21:53:21 +0000 2024,2,17,0,1,3699
1829273911696953680,Lemon Argentina,"Este mes lleno de charlas, ideas y experiencias increÃ­bles estÃ¡ terminando: maÃ±ana es el Ãºltimo dÃ­a de Aleph, y para despedirlo, te invitamos al Startup Demo Day + El evento de cierre.

ğŸ“ŒÂ Anotate acÃ¡ que el espacio es limitado ğŸ‘‰Â https://t.co/4kf8tXqDKD

Nos vemos ahÃ­ ğŸ«¡ https://t.co/OQFTyCu1jx",Thu Aug 29 21:44:21 +0000 2024,1,5,0,0,2257
1829263790124257471,Lemon Argentina,"MirÃ¡ todo lo que pasa solo en UN DÃA en Aleph ğŸ˜®â€ğŸ’¨

@crecimientoar â˜€ï¸ https://t.co/IVC2saiu5l",Thu Aug 29 21:04:08 +0000 2024,1,8,0,0,2308
1829194830989480360,Lemon Argentina,"Si sos de estar todo el dÃ­a PIM PUM PAM transferencia por acÃ¡, transferencia por allÃ¡ con crypto, te dejo el cuadrito para que veas TOOODAS las redes de depÃ³sito y retiro crypto que tenemos en la app. 

Salu2 ğŸ«¡ https://t.co/IcC7ocXvFN",Thu Aug 29 16:30:07 +0000 2024,2,16,0,1,2235
1829183324088398044,Lemon Argentina,Los bondis andan diciendo cosas desde ConstituciÃ³n a Tigre ğŸ˜ https://t.co/QgLrOJFv4g,Thu Aug 29 15:44:23 +0000 2024,4,21,0,0,2792
1829169354040299857,Lemon Argentina,"No hace falta tener fondos. PodÃ©s tenerlos activados para cuando deposites, los crocantes ya estÃ©n invertidos ğŸ˜‰",Thu Aug 29 14:48:52 +0000 2024,0,12,0,1,2865
1829160962580197623,Lemon Argentina,"ğŸ“Œ MaÃ±ana llega algo que te va a hacer arrepentir de no tener activos los rendimientos en pesos en tu cuenta. 

Yo te avisÃ© ğŸ¤«",Thu Aug 29 14:15:32 +0000 2024,10,67,1,11,6386
1828880536124744146,Lemon Argentina,"ğŸ‘‰Â Â¿CobrÃ¡s en $USDC? MirÃ¡ por todas las redes que podÃ©s depositarlo en Lemon y usarlo en tu dÃ­a a dÃ­a

ğŸ‘‰Â Â¿RecibÃ­s pagos en USD en el exterior? PodÃ©s traerlo a Lemon y se te acredita en $USDC ğŸ˜‰",Wed Aug 28 19:41:13 +0000 2024,0,7,0,1,2694
1828858581795410297,Lemon Argentina,"MÃS OPCIONES PARA TRANSFERIR $USDC ğŸ”¥

Habilitamos las redes de @base y @Celo para depÃ³sitos y retiros de $USDC

Â¿Te acordÃ¡s de todas las redes que tenemos disponibles para esta moneda? (SPOILER ALERT: SON UNA BANDA)

AcÃ¡ te las dejo ğŸ‘‡ https://t.co/RwOxBd622J",Wed Aug 28 18:13:59 +0000 2024,1,12,1,0,4505
1828775240664862755,Lemon Argentina,"MIRÃ LO QUE SON ESAS GORRAS Y ESOS PILUSOS ğŸ¤©

ğŸ¥³ Para participar del sorteo tenÃ©s que:

1. Darle like + RT al tuit que estamos citand  
2. Estar presente este viernes en el Demo Day en Aleph

Mucha suerte y nos vemos ahÃ­ ğŸ«¡",Wed Aug 28 12:42:49 +0000 2024,7,23,0,2,3772
1828534135180140584,Lemon Argentina,Con los rendimientos en pesos me hÌ¶iÌ¶cÌ¶eÌ¶ Ì¶lÌ¶aÌ¶ Ì¶cÌ¶aÌ¶sÌ¶aÌ¶ compro la entrada para ver la vuelta de Oasis (?),Tue Aug 27 20:44:45 +0000 2024,0,24,0,0,2632
1828497229633425588,Lemon Argentina,"Nos unimos al ecosistema de Base ğŸ¤œğŸ¤›

Ahora en la app podÃ©s depositar y retirar $ETH y $USDC por la red de Base ğŸ”µÂ Una capa 2 (L2) de Ethereum que ofrece una forma segura, econÃ³mica y fÃ¡cil de construir aplicaciones on-chain. https://t.co/wis4DP131a",Tue Aug 27 18:18:06 +0000 2024,14,74,5,8,50173
1828172809761087490,Lemon Argentina,"It's drop timeâ²ï¸

ComprÃ¡ en pesos argentinos el equivalente a 10 USD de $CELO, $LINK o $GNO y llevate los drops facherÃ­simos para coleccionar en la app ğŸ˜ https://t.co/1kHyjA408C",Mon Aug 26 20:48:58 +0000 2024,5,35,0,7,5540
1828140330828616136,Lemon Argentina,"Como estamos llegando a fin de mes, te traemos esta promociÃ³n de 3x1. TRES TOKENS NUEVOS EN UN DÃA ğŸ¤©

$CELO, $LINK y $GNO. BIENVENIDOS A LA LEMONETA ğŸšŒ https://t.co/CoFQxcz8qD",Mon Aug 26 18:39:54 +0000 2024,5,43,1,4,9553
1828061713133895952,Lemon Argentina,Llegando a la oficina un cartelito me hizo acordar que en Lemon tus pesos y crypto rinden ğŸ˜‰ https://t.co/VG3wreyDZd,Mon Aug 26 13:27:30 +0000 2024,3,44,0,2,3816
1827776835046068734,Lemon Argentina,"Â¿SOS UN HOLOGRAMA? No pasa nada, igual podÃ©s ganar un #LemonFridays. 

No te cuelgues y participÃ¡ que maÃ±ana sorteamos ğŸ‘‡",Sun Aug 25 18:35:30 +0000 2024,4,38,1,9,5151
1827690751821529124,Lemon Argentina,"Un poco de lo que fue ZK SantÃ©, un espacio para juntarse, tomar unos vinitos ğŸ·, hacer actividades y charlar de crypto ğŸ™Œ https://t.co/wjKh8zxXJY",Sun Aug 25 12:53:26 +0000 2024,2,14,0,0,2683
1827139222337208685,Lemon Argentina,"Full house at ğŸ‹ HQ con emprendedores para hablar sobre cÃ³mo levantar capital desde la Argentina junto a @draper_u en el marco de @crecimientoar 

ğŸ™ï¸Maxi Raimondi, CFO de Lemon
ğŸ™ï¸Felipe Ballester Molina, Co-Founder &amp; COO de @paydece 
ğŸ™ï¸Santiago Balbi, socio de Bruchou &amp; Funes de https://t.co/UYzchsJJeg",Sat Aug 24 00:21:51 +0000 2024,5,34,5,1,5265
1827076429168963594,Lemon Argentina,"Here we go again: VIERNES DE #LemonFridays ğŸ¤‘ Con lo largo que se estÃ¡ haciendo agosto, yo que vos no me pierdo de participar. Tenemos $30.000 en Bitcoin para repartir entre dos ganadores ğŸ†

Â¿CÃ³mo participÃ¡s?

ğŸ‘‰Â RT + tu $lemontag

ğŸ“†Â Sorteamos el lunes 26/8 https://t.co/XCB3365f60",Fri Aug 23 20:12:20 +0000 2024,485,285,68,564,29067
1826983616208936962,Lemon Argentina,"Hoy es viernes y los viernes son de buenas noticias ğŸ˜

Ahora podÃ©s recibir transferencias de terceros, hasta $1500 USD https://t.co/Nqp1aQE0GW",Fri Aug 23 14:03:32 +0000 2024,3,28,1,4,21299
1826982779734589745,Lemon Argentina,Ah estaban manijas de $RIF ğŸ‘€ https://t.co/cPcmc6CfLy,Fri Aug 23 14:00:13 +0000 2024,2,28,1,3,3282
1826717789576671587,Lemon Argentina,"Bueno, Â¿y el asado? ğŸ¥©",Thu Aug 22 20:27:14 +0000 2024,0,15,0,3,3379
1826705832610070940,Lemon Argentina,"Para los manijas coleccionistas, sÃ­, HAY DROP. 
Comprando $RIF en Pesos, el equivalente a 10 USD o mÃ¡s, te llevÃ¡s este hermoso dropcito ğŸ¤© ğŸ‘‡ https://t.co/Y8DmCFzIpE",Thu Aug 22 19:39:43 +0000 2024,2,29,0,1,3127
1826686203439325209,Lemon Argentina,"Â¿Te acordÃ¡s que hace unos dÃ­as estuvimos hablando de @rootstock_io, la red que crea aplicaciones descentralizadas por encima de Bitcoin? Tenemos una GRAN noticia.

Nos unimos con ellos para darle la posibilidad a mÃ¡s de 2.6 millones de usuarios de interactuar con esta red ğŸ¤ https://t.co/ldZTbWP1OY",Thu Aug 22 18:21:43 +0000 2024,26,91,17,15,33203
1826675295073747013,Lemon Argentina,"Juan Pablo Fridenberg, nuestro director de Asuntos PÃºblicos ğŸ’¼, integra el panel sobre ğŸ—£ï¸â€œExchanges: operaciÃ³n y compliance en Argentina ğŸ‡¦ğŸ‡·â€. 

Regulation Day en @crecimientoar â˜€ï¸ https://t.co/DaJY4tISpk",Thu Aug 22 17:38:22 +0000 2024,2,13,0,0,2085
1826672009423847620,Lemon Argentina,"En Argentina, la capital crypto, tus pesos y cryptos rinden con Lemon ğŸ‹

@crecimientoar https://t.co/iuZb1k13rm",Thu Aug 22 17:25:19 +0000 2024,3,33,0,1,3763
1826617261635109126,Lemon Argentina,Hoy: Regulation Day en @crecimientoar â˜€ï¸ https://t.co/CE0kn52XNJ,Thu Aug 22 13:47:46 +0000 2024,2,21,0,0,2069
1826349368032854109,Lemon Argentina,"Â¿Es fin de mes y te quedaste sin plata? Yo tambiÃ©n je, pero activÃ© la inversiÃ³n en pesos en la app para que empiecen a generar rendimientos, apenas tenga de nuevo unos crocantes ğŸ¤ https://t.co/KvMxZ8CHEA",Wed Aug 21 20:03:15 +0000 2024,0,17,0,2,2500
1826003724747288698,Lemon Argentina,"Bitcoin ğŸ¤Â aplicaciones descentralizadas

Imaginate construir aplicaciones sobre la blockchain mas segura y descentralizada, a.k.a Bitcoin. Bueno no imagines mÃ¡s porque eso ya es posible gracias a Rootstock ğŸŸ 

VenÃ­ que te cuento un poco mÃ¡s ğŸ‘‡ğŸ§µ",Tue Aug 20 21:09:48 +0000 2024,12,61,11,12,14189
1825951462410625427,Lemon Argentina,Â¿CÃ“MO DECÃS QUE ES TU $LEMONTAG GUSTAVO????,Tue Aug 20 17:42:07 +0000 2024,0,45,0,3,5531
1825929270360723803,Lemon Argentina,Â¿Y? Â¿Se agregaron entre ustedes? ğŸ‘€,Tue Aug 20 16:13:56 +0000 2024,0,6,0,6,3527
1825919660635697180,Lemon Argentina,Â¿QuiÃ©n para tomar unos verdes y hablar de crypto en Aleph? ğŸ§‰ @crecimientoar https://t.co/2mG0OBjGZl,Tue Aug 20 15:35:45 +0000 2024,1,30,0,7,3493
1825914480896720978,Lemon Argentina,Hasta en Twitter me ghostean,Tue Aug 20 15:15:10 +0000 2024,0,20,0,5,3968
1825715389709340861,Lemon Argentina,El gran ganador de la noche @leonardochaile ğŸ† https://t.co/Zrfrhqqeh9,Tue Aug 20 02:04:03 +0000 2024,2,36,1,4,5885
1825710364060713398,Lemon Argentina,Dos potencias se saludan ğŸ¤,Tue Aug 20 01:44:05 +0000 2024,0,12,0,0,3962
1825690594015846681,Lemon Argentina,A ver a quiÃ©n me cruzo tomando un vinito por acÃ¡ğŸ·ğŸ‘€ https://t.co/J90r2jFpQ6,Tue Aug 20 00:25:31 +0000 2024,0,14,1,0,9164
1825620189985001956,Lemon Argentina,Dejen sus $lemontags acÃ¡ si quieren nuevos amigos en Lemon ğŸ‘‡,Mon Aug 19 19:45:46 +0000 2024,5,81,2,183,24493
1825604613552353728,Lemon Argentina,Necesito que todos agreguemos de amigo a este tipazo.,Mon Aug 19 18:43:52 +0000 2024,0,20,0,0,3276
