username,text,likes,retweets,replies,views,created_at
Supervielle_ARG,"El 15 de agosto nuestras sucursales no atenderán al público.
Si necesitás seguir operando podés hacerlo de manera online.

 Conocé más acá  
supervielle.com.ar

#Supervielle",0,1,11,1000,2025-08-14T22:02:07.000Z
Supervielle_ARG," ¡Este Día del Niño, regalá lo que está en tendencia!

Del 13 al 15 de agosto, encontrá los juguetes más buscados en la Tienda Supervielle en Mercado Libre ",0,0,3,722,2025-08-13T15:25:40.000Z
Supervielle_ARG,"9 cuotas sin interés con tus Tarjetas Supervielle de crédito
12 cuotas sin interés con tu Tarjeta Supervielle Visa Signature de crédito o Mastercard Black de crédito. 

Supervielle te sigue el ritmo con regalos y cuotas que te salvan.

Conocé más en 
supervielle.com.ar",0,0,3,463,2025-08-13T15:25:43.000Z
Supervielle_ARG," Con Apple Pay podés pagar rápido y sin contacto desde tu iPhone o Apple Watch. 
 Adherí tus Tarjetas Supervielle Visa y tu Tarjeta Supervielle Mastercard de crédito y usalas donde veas el logo de Apple Pay.",3,0,1,744,2025-06-17T23:02:46.000Z
Supervielle_ARG,"Activalo desde la App Supervielle:

- Abrí la App Supervielle.
- Tocá el botón “Añadir a Apple Wallet”.
- Seguí las instrucciones.

Conocé más en 
supervielle.com.ar",4,0,0,520,2025-06-17T23:02:47.000Z
Supervielle_ARG,"¡Tasa Relámpago activada!

 Solo por 24 hs — 10 de junio 2025
  Plazo fijo tradicional en pesos
  Tasa: 31% a 45 días
  Monto mínimo: $5.000.000

Aprovechá esta oportunidad ",0,0,1,781,2025-06-09T20:30:42.000Z
Supervielle_ARG,"yo: no tengo tiempo para aprender a invertir

también yo: toco un botón en la app de Supervielle e invierto ",1,0,1,618,2025-06-09T14:03:44.000Z
Supervielle_ARG,"Desde la app de Supervielle ahora podés:
 Comprar CEDEARs
  Operar con Acciones y Bonos

Todo desde el mismo lugar donde ya tenés tu plata.

Sin vueltas. Desde tu celu.",1,0,1,469,2025-06-09T14:04:27.000Z
Supervielle_ARG,"¿Esperabas una señal para empezar a invertir?

Esta es: 
Entrá a la app de Supervielle
Tocá el ícono de IOL
Y empezá a invertir.

Supervielle. Te sigue el ritmo.",2,0,1,431,2025-06-09T14:05:01.000Z
Supervielle_ARG,"¡Gracias por ser parte!
A fines de mayo, desde Supervielle donamos 474 nuevos árboles al Parque Nacional Lanín.
Con esta acción, ya sumamos 18.025 árboles donados en los últimos cuatro años junto a @amigosdelapatagonia

Sigamos comprometidos con el ambiente.
#Supervielle",4,0,3,464,2025-06-05T13:03:23.000Z
Supervielle_ARG," Tus dólares también pueden trabajar por vos.
Y lo mejor: sin mover un dedo.

 2% de interés anual en USD
 Lo abrís desde la app
 Automático. Gratis. Sin vueltas.
 ¡Y SIN TOPE DE REMUNERACIÓN!

Conocé más en 
supervielle.com.ar
#Supervielle",1,0,1,658,2025-05-23T17:01:58.000Z
Supervielle_ARG," Esta semana, tus ganas de viajar vienen con TARJETAZO incluido:

Comprá tus pasajes en Aerolíneas o Almundo y aprovechá ",2,0,2,725,2025-05-13T21:12:42.000Z
Supervielle_ARG," 12 cuotas sin interés, pagando con tus Tarjetas Supervielle de crédito.

 18 cuotas sin interés, pagando con tus Tarjetas Supervielle Visa Signature y Mastercard Black de crédito.

Conocé más 
supervielle.com.ar/personas/benef
…",1,0,0,525,2025-05-13T21:12:42.000Z
Supervielle_ARG,"Cuidemos nuestros bosques.

 Sumate a Amigos de la Patagonia y descubrí cómo podés ayudar.

Conocé más en 
supervielle.com.ar",1,0,0,318,2025-04-23T15:24:50.000Z
Supervielle_ARG, Mañana es el Día de la Tierra y es momento de reflexionar: los microplásticos también llegan a los bosques. Una amenaza invisible que altera los ecosistemas y afecta su biodiversidad. ,3,1,1,539,2025-04-21T21:47:53.000Z
Supervielle_ARG,"Incluso se han detectado microplásticos en fuentes de agua dulce dentro de áreas boscosas, impactando la flora y la fauna.

Reducir plásticos de un solo uso y reciclar correctamente es clave para frenar esta contaminación silenciosa. ",2,0,1,372,2025-04-21T21:48:00.000Z
Supervielle_ARG,"Todos podemos ser parte del cambio. Junto a Amigos de la Patagonia trabajamos para cuidar nuestros bosques.
Sumate y conocé más en  
supervielle.com.ar
 ¡Cuidemos el planeta!",2,0,0,343,2025-04-21T21:48:02.000Z
Supervielle_ARG,"El 17 y 18 de abril se celebra el Jueves y Viernes Santo, y nuestras sucursales no atenderán al público.
Si necesitás seguir operando podés hacerlo de manera online.

 Conocé más acá  
supervielle.com.ar",0,0,5,549,2025-04-16T22:01:38.000Z
Supervielle_ARG,"Pablo Mazzetti, CEO de TQ, nos contó en el Summit de Inteligencia Artificial de Somos Pymes  su visión sobre el 2025 para las PyMES en la Argentina. Además, habló del innovador campo en el cual se desarrolla su empresa, descubriendo el talento de las personas.",2,0,1,524,2025-04-11T23:02:01.000Z
Supervielle_ARG,"Si tu talento es hacer crecer tu PyME, queremos que te resulte más fácil con Cuenta +Pyme Remunerada, una propuesta que busca optimizar la liquidez diaria de los negocios de las pequeñas y medianas empresas y generar una rentabilidad extra entre los cobros y pagos.",1,0,2,416,2025-04-11T23:02:01.000Z
Supervielle_ARG," Cuidá tu piel con + beneficios 

Disfrutá de 9 cuotas sin interés en Kiehl’s, todos los días, pagando con tus Tarjetas Supervielle de crédito
¡Es el momento para renovar tu rutina de skincare!

Conocé más en 
supervielle.com.ar

Tu familia cerca, tu banco también. ",0,0,0,385,2025-03-28T15:01:57.000Z
Supervielle_ARG,"El 24 de marzo se conmemora el Día de la Memoria por la Verdad y la Justicia, y nuestras sucursales no atenderán al público.
Si necesitás seguir operando podés hacerlo de manera online.

 Conocé más acá  
supervielle.com.ar",4,0,1,486,2025-03-23T21:01:32.000Z
Supervielle_ARG,"Llega el finde, llega el momento de comprar todo lo que necesitás en el mayorista.
Porque tenemos un beneficio exclusivo para que te lleves todooooooo.  ",2,0,1,372,2025-03-20T21:01:40.000Z
Supervielle_ARG,"Todos los viernes y sábados tenés un 25% de reintegro (tope $10.000) en Diarco, Maxiconsumo y Vital pagando con 
@MODO_Arg
 desde la App Supervielle con tus Tarjetas Supervielle. 

 Conocé más  
supervielle.com.ar/personas/benef
…

Tu familia cerca, tu banco también. ",1,0,1,370,2025-03-20T21:01:42.000Z
Supervielle_ARG," ¡Supervielle en Somos Pymes Summit Rosario!

El 20/3, empresarios y emprendedores se reúnen para hablar de economía, política, innovación y transformación digital  ¡Y vamos a estar ahí!",1,0,1,380,2025-03-14T20:00:11.000Z
Supervielle_ARG," Para clientes Supervielle tenemos un 60% de ahorro en entradas  
eventbrite.com.ar/e/124396243813
…

Conocé más en 
somospymesummit.com.ar

Tu familia cerca, tu banco también. ",1,0,1,546,2025-03-14T20:00:12.000Z
Supervielle_ARG," ¡Hora de planear tu próximo viaje! 

Hasta el 16 de marzo, comprá tus pasajes en Aerolíneas Argentinas y Almundo para destinos nacionales y pagá con tus Tarjetas Supervielle de crédito",0,0,1,381,2025-03-12T17:34:54.000Z
Supervielle_ARG," Hasta 12 cuotas sin interés.
 Hasta 18 cuotas sin interés para clientes Identité.

 Conocé más en 
supervielle.com.ar

Tu familia cerca, tu banco también. ",1,0,1,309,2025-03-12T17:34:57.000Z
Supervielle_ARG,"¿Estás en Mendoza y con ganas de algo rico? 
¡Estamos para acompañarte con beneficios en los mejores restós! 

 ¡Buen apetito!

Conocé más en 
supervielle.com.ar/personas/benef
…

Tu familia cerca, tu banco también. ",1,0,0,384,2025-02-20T14:03:15.000Z
Supervielle_ARG,"La vuelta al cole es sin preocupaciones 

 Tenés 6 cuotas sin interés en productos seleccionados de Vuelta al Cole, en Coto, Disco, Jumbo y Vea, pagando con tu Tarjeta Supervielle Visa de crédito. Aprovechá el beneficio hasta el 28/02.",1,0,1,399,2025-02-17T13:02:11.000Z
Supervielle_ARG,"Conocé más en 
supervielle.com.ar/personas/benef
…

Tu familia cerca, tu banco también. ",1,0,0,305,2025-02-17T13:02:13.000Z
Supervielle_ARG," ¡La vuelta al cole tiene + ahorros y cuotas en marcas de indumentaria y librería adheridas! 

Aprovechá los descuentos y cuotas pagando con MODO desde la App Supervielle con tus Tarjetas Supervielle. Te contamos más",1,0,1,397,2025-02-15T13:01:35.000Z
Supervielle_ARG," Del 15 al 28 de febrero, equipá a los chicos con todo lo que necesitan y aprovechá los beneficios que te da Supervielle. ",2,0,1,339,2025-02-15T13:01:36.000Z
Supervielle_ARG," Es fácil:
 Comprá en marcas adheridas.
 Pagá con 
@MODO_Arg
 desde la App Supervielle.
 ¡Listo! Ahorrá y pagá en cuotas.  

 Conocé más  
supervielle.com.ar/personas/benef
… y llevate mucho + para el cole.

Tu familia cerca, tu banco también. ",3,0,1,369,2025-02-15T13:01:36.000Z
Supervielle_ARG," Tenés un:
 20% de ahorro (tope $20.000)
 Hasta 9 cuotas sin interés
Pagando con 
@MODO_Arg
 desde la App Supervielle con tus Tarjetas Supervielle.",1,0,1,58,2025-02-15T13:01:35.000Z
Supervielle_ARG," Este año, la vuelta al cole viene con cuotas que se adaptan a vos.

Del 15 al 22 de febrero, en 
@ML_Argentina
, tenés 9 cuotas sin interés pagando con tu Tarjeta Supervielle Visa de crédito.",2,0,1,309,2025-02-14T13:19:22.000Z
Supervielle_ARG,"Y si sos cliente Identité, podés comprar hasta en 12 cuotas sin interés pagando con tu Tarjeta Supervielle Identité Visa de crédito.

Conocé más en 
supervielle.com.ar/personas/benef
…

Tu familia cerca, tu banco también. ",1,0,0,275,2025-02-14T13:19:23.000Z
Supervielle_ARG," Más beneficios para vos, todos los días.

Desde ahorros en supermercados y farmacias hasta cuotas sin interés en viajes, restaurantes y mucho más. Pagar con tus Tarjetas Supervielle desde la App es lo más conveniente, siempre.",1,0,1,239,2025-02-13T13:03:29.000Z
Supervielle_ARG,"Tu verano tiene + beneficios, + ahorros y + cuotas en el parador Kota con tus tarjetas Supervielle Visa. 

Tu verano tiene + experiencias para disfrutar.

Conocé más en 
supervielle.com.ar/landings/veran
…
Tu familia cerca, tu banco también. ",1,0,0,330,2025-02-06T13:01:39.000Z
Supervielle_ARG," Tu verano tiene + momentos para disfrutar en María del Mar.

Nos fuimos al parador y le preguntamos a la gente qué es lo que más disfrutan del verano. ¡Mirá lo que nos contaron! 

¿Y vos? ¿Qué es lo que más te gusta del verano?
Conocé más  
supervielle.com.ar/personas/benef
…",1,0,2,438,2025-02-03T13:00:46.000Z
Supervielle_ARG,"Estés donde estés te acompañamos en el verano con los mejores beneficios, para que disfrutes mucho más. 

  Enterate todo lo que podés hacer estas vacaciones con tu Tarjeta Supervielle Mastercard de crédito.",2,0,1,367,2025-01-31T17:03:40.000Z
Supervielle_ARG,"Cuando salgas a comer, la propina la dejamos nosotros .

En restaurantes adheridos tenés un 100% de reintegro (Tope $10.000 por transacción) en Propinas, pagando con tu Tarjeta Supervielle Mastercard de crédito.",2,0,1,327,2025-01-31T17:03:42.000Z
Supervielle_ARG,"¡Aprovechá + ahorros, + cuotas, + diversión y muchísimo +!

¡Conocé más acá!  
mastercard.com.ar/es-ar/consumid
…

Tu familia cerca, tu banco también.",2,0,0,343,2025-01-31T17:03:43.000Z
Supervielle_ARG,"Si estás en Cariló, en Zur Restaurante  todos los días tenés:",0,0,1,44,2025-01-31T17:03:41.000Z
Supervielle_ARG,"Un 35% de ahorro (Tope $100.000 por semana) pagando sin contacto con tu Tarjeta Supervielle Mastercard de crédito desde tu celu con NFC.

Un 20% de ahorro (Tope $70.000 por semana) pagando con tu Tarjeta Supervielle Mastercard de crédito.",0,0,1,49,2025-01-31T17:03:41.000Z
Supervielle_ARG,"Viví una Fiesta de la Vendimia 2025 exclusiva 

 Tus Tarjetas Supervielle Identité y Almundo te ofrecen la posibilidad de disfrutar un paquete y actividades en bodegas en hasta 18 cuotas sin interés.",2,0,1,426,2025-01-30T19:24:05.000Z
Supervielle_ARG,"Y para continuar viviendo la experiencia luego de tu escapada, tenés un 30% de ahorro en bodega adheridas  para traer lo mejor de Mendoza a tu hogar.  Disfrutá la Vendimia con todo.  

 Conocé más acá  
supervielle.com.ar/personas/benef
…  

Identité es exclusivo para vos.",2,0,0,300,2025-01-30T19:53:39.000Z
Supervielle_ARG," Alerta Phishing: Hay gente que intenta robar tus datos, por eso es importante que sigas estos consejos de seguridad para que continúes operando sin problemas:",2,1,2,363,2025-01-29T20:21:09.000Z
Supervielle_ARG,"Redes Sociales: Nuestros perfiles están verificados con una tilde azul o dorada (en X).

 Nunca vamos a pedirte códigos de seguridad, token, claves o cualquier otro tipo de información sensible.",1,0,1,275,2025-01-29T20:21:10.000Z
Supervielle_ARG," Si tenés sospechas de haber sufrido una estafa virtual comunicate, de inmediato, al 1168423330. Esta es una línea exclusiva para denuncias a la que podrás llamar todos los días, las 24h.

Conocé más en 
supervielle.com.ar/personas/servi
…",2,0,0,274,2025-01-29T20:21:10.000Z
Supervielle_ARG,"Experiencia Supervielle: tragos, puesta de sol y actividades recreativas en Pinamar",2,1,0,2000,2025-01-29T14:51:44.000Z
Supervielle_ARG,"Toda esta semana tenés un beneficio especial en Mercado Libre. 

Pagá con tu Tarjeta Supervielle Visa de crédito y disfrutá de 9 cuotas sin interés. 
Y si pagás con tu Tarjeta Supervielle Identité Visa de crédito tenés ¡12 cuotas sin interés!",3,0,3,467,2025-01-28T19:39:57.000Z
Supervielle_ARG,"¡No te lo pierdas y este verano comprá todo lo que quieras! 

Más info en 
supervielle.com.ar/personas/benef
…

Tu familia cerca, tu banco también. ",2,0,1,256,2025-01-28T19:39:58.000Z
Supervielle_ARG,"El Presidente del Club Godoy Cruz, Alejandro Chapini, junto a Bruno Arcucci, Head de Distribución y Ventas de 
@Supervielle_ARG
, y Nicolás Fernández, Chief Communications & Marketing Officer, firmaron un acuerdo de unión entre las entidades este lunes  

También, participaron",72,2,19,6000,2025-01-27T21:21:36.000Z
Supervielle_ARG," ¿Sabías que el 73,7% de los residuos en nuestras costas son plásticos? Colillas, envoltorios y fragmentos plásticos afectan a más de 32 especies marinas. Es hora de actuar.  ",2,0,1,286,2025-01-27T18:32:51.000Z
Supervielle_ARG,"Acciones que generan grandes cambios: participá en limpiezas costeras, usá botellas reutilizables y llevate tus residuos. Podemos hacer la diferencia. 

¡Cuidemos nuestras costas!  Inspirá a otros a sumarse al cambio.",1,0,1,253,2025-01-27T18:32:52.000Z
Supervielle_ARG,"Descubrí más sobre en @amigosdelapatagonia y sumate. 

Tu familia cerca, tu banco también.",0,0,0,244,2025-01-27T18:32:52.000Z
Supervielle_ARG,"Cada colilla de cigarrillo puede contaminar hasta 50 litros de agua y tarda más de 10 años en degradarse.  ¿Qué podés hacer? Reducí, reutilizá y llevate tu basura. ",1,0,1,17,2025-01-27T18:32:51.000Z
Supervielle_ARG,"Los plásticos fragmentados llegan al océano, afectando la fauna y a nosotros. Cada semana, sin darnos cuenta, ingerimos microplásticos en una cantidad equivalente al tamaño de una tarjeta de crédito. ",1,0,1,26,2025-01-27T18:32:52.000Z
Supervielle_ARG,"Todavía podés hacer de tu verano la portada de un disco . 

Aprovechá cuotas y descuentos en paradores, es el momento ideal para hacerlo. 

Conocé más en 
supervielle.com.ar/personas/benef
…
#HumanBanking",0,0,1,373,2025-01-17T19:55:39.000Z
Supervielle_ARG,"Disfrutá + experiencias únicas para vivir un verano como nunca antes. Estamos con vos, para que aproveches beneficios en restós de todo el país de jueves a domingo.

Este verano potenciá tus salidas con + ahorros, + cuotas, + diversión y muchísimo +.",1,0,2,371,2025-01-15T20:50:56.000Z
Supervielle_ARG," Conocé los Restaurantes Adheridos en 
supervielle.com.ar/personas/benef
…

Tu familia cerca, tu banco también. 
#HumanBanking",3,0,0,278,2025-01-15T20:59:16.000Z
Supervielle_ARG,"Este verano te acompañamos a vivir las aventuras desde la comodidad de tu casa. Aprovechá para relajarte y disfrutar con nuestros beneficios:

 Martes y viernes, 20% de ahorro en SUMA Librerías, pagando con QR de MODO y tus Tarjetas Supervielle. (tope $5.000 por mes).",2,0,1,318,2025-01-14T21:01:17.000Z
Supervielle_ARG," Además, ¡tenés un 100% de ahorro por 3 meses en Sony One! Pagá con MODO y tus Tarjetas Supervielle desde App Supervielle y no te lo pierdas.",1,0,1,327,2025-01-14T21:01:18.000Z
Supervielle_ARG," Porque este verano, aunque no te vayas lejos, ¡las mejores oportunidades están cerca!

Conocé más 
supervielle.com.ar/personas/benef
…

Tu familia cerca, tu banco también.
#HumanBanking",1,0,0,276,2025-01-14T21:01:18.000Z
Supervielle_ARG,"¿Sale plan con cosas ricas? 

¡Por supuesto que sí, porque te acompañamos con beneficios en los mejores restós del país para que vivas momentos inolvidables!
En estas vacaciones disfrutás + ahorros, + cuotas, + diversión y muchísimo +.

 ¡Buen apetito!",2,0,2,354,2025-01-13T19:28:48.000Z
Supervielle_ARG," Conocé Restaurantes Adheridos en 
supervielle.com.ar/personas/benef
…

Tu familia cerca, tu banco también. 
#HumanBanking",1,0,0,256,2025-01-13T19:28:49.000Z
Supervielle_ARG,"Cuidarte en el verano es clave y es por eso que te acompañamos con estos beneficios, para que siempre tengas los productos que querés.

En estas vacaciones disfrutás + ahorros, + cuotas, + diversión y muchísimo +.",1,0,1,323,2025-01-10T19:09:45.000Z
Supervielle_ARG,"Tu familia cerca, tu banco también.

¡Conocé más acá! 
supervielle.com.ar/personas/benef
… #HumanBanking",1,0,0,264,2025-01-10T19:09:46.000Z
Supervielle_ARG,"Tu verano tiene + beneficios, + ahorros y + cuotas para disfrutar + tus vacaciones! 

 Deslizá para conocer todos los beneficios que tenemos para vos:

 Ahorros en heladerías, desayunos y meriendas. 

 Ahorros en los mejores restaurantes del país.  ",1,0,2,338,2025-01-09T19:13:11.000Z
Supervielle_ARG,"El 24 y 25/12 las sucursales permanecerán cerradas.
 Podrás seguir operando a través de nuestros canales digitales y automáticos.

Al no ser un día hábil bancario, las operaciones sobre inversiones podrían verse afectadas.

Conocé más en 
supervielle.com.ar/tutoriales
#HumanBanking",0,0,1,332,2024-12-23T22:01:36.000Z
Supervielle_ARG," ¡Esta Navidad, tu regalo perfecto está acá! 
Explorá el catálogo de beneficios y aprovechá: descuentos, cuotas sin interés y mucho más.

 Indumentaria, juguetes, accesorios y más: todo lo que buscás, con los mejores ahorros.

 Conocé más en 
bit.ly/navidad_superv
…",0,0,2,437,2024-12-20T21:28:35.000Z
Supervielle_ARG,"bit.ly/navidad_superv
…",0,0,1,247,2024-12-20T21:30:28.000Z
Supervielle_ARG,"Cuando llenes tu carrito este año, contribuís con el espíritu navideño de otros hogares. Por cada compra en supermercados, destinamos un 2% fundaciones que se dedican a la seguridad alimentaria , ayudando a que más mesas tengan un plato lleno estas fiestas.",0,1,2,336,2024-12-19T20:42:50.000Z
Supervielle_ARG,"Los ganadores son:

“El viaje”, Jazmín Grillo Balboa
“Los Gonzáles”, Mariana Calvera López
“Truco”, Martín Alejandro Munín
“Una pasajera en ‘El Gran Capitán’”, Edmunda Quintana

 ¡Felicitaciones a todos los ganadores y participantes por compartir sus historias!",1,0,0,465,2024-11-18T13:01:51.000Z
Supervielle_ARG,"¡No te pierdas la nueva charla del programa IMPULSATE!

Sumate vía Zoom el 26 de noviembre (parte I) y 3 de diciembre (parte II), a las 17 horas.",3,0,2,484,2024-11-15T19:22:16.000Z
Supervielle_ARG,"Con la speaker invitada MARINA ARIAS, Directora Ejecutiva de Sistema B Argentina, veremos cómo potenciar el crecimiento del negocio al mismo tiempo que se brindan soluciones a problemas sociales y ambientales.",1,0,1,338,2024-11-15T19:22:16.000Z
Supervielle_ARG,"¡Participá seas o no seas cliente!
Inscribite en 
supervielle.com.ar/negocios/empre
…

#HumanBanking",1,0,0,314,2024-11-15T19:22:17.000Z
Supervielle_ARG," ¿Querés proteger mejor tus finanzas? ¡Este es tu momento!
Sumate a la segunda fecha del ciclo de Educación Financiera, donde compartiremos herramientas claves para mantener tu dinero seguro.

¡No te lo pierdas!  Inscribite en 
forms.office.com/r/0W1e5JX82g 
#HumanBanking",0,0,1,308,2024-11-15T16:23:29.000Z
Supervielle_ARG,"Encuentro 2 de 3
 Temario: Ciberseguridad y prevención de fraudes.
 Cuándo: 20/11 a las 19 hs (por Zoom)
 Certificado de participación incluido.
 Cupos limitados",0,0,0,275,2024-11-15T16:23:31.000Z
Supervielle_ARG,"¡Conocé a los finalistas de la 3ª edición del Premio Supervielle Exporta! 

Nos enorgullece anunciar a las empresas seleccionadas por su excelencia e innovación en el mercado internacional.",2,0,1,336,2024-11-14T20:53:59.000Z
Supervielle_ARG," Los beneficios que te llevan a vivir nuevas experiencias 

Con Supervielle, encontrá ahorros y cuotas para disfrutar tus planes favoritos, desde escapadas, salidas y bodegas, hasta viajes en Cabify.

Conocé más en 
supervielle.com.ar/personas/benef
…
#HumanBanking",5,0,1,502,2024-11-05T18:44:21.000Z
Supervielle_ARG,"Almundo: hasta el 10/11, 18 cuotas sin interés.
Gastronomía: de jueves a domingo, 20% de ahorro y 30% para clientes Identité.
Bodegas adheridas: todos los días, 30% + 6 cuotas sin interés exclusivo para clientes Identité.
¡Para que vivas al máximo mientras ahorrás!",0,0,0,286,2024-11-05T18:44:22.000Z
Supervielle_ARG," ¿Querés entender mejor tus finanzas? ¡Este es tu momento!

Sumate a la primer fecha del ciclo de Educación Financiera donde compartiremos herramientas claves para manejar el dinero.",4,1,1,475,2024-11-04T20:06:36.000Z
Supervielle_ARG,"Encuentro 1 de 3
 Temario: Ahorro, inversión, presupuesto, interés simple y compuesto, horizonte y riesgo, y más.

 Cuándo: 13/11 a las 19 hs (por Zoom)

 Certificado de participación incluido.

 Cupos limitados",1,0,1,299,2024-11-04T20:06:36.000Z
Supervielle_ARG,"¡No te lo pierdas, los cupos son limitados! Inscribite en 
forms.office.com/r/0W1e5JX82g

#HumanBanking #EducaciónFinanciera",2,0,0,277,2024-11-04T20:06:37.000Z
Supervielle_ARG,"Julio Colman, Líder de Productos Activos, nos cuenta los puntos más importantes sobre su participación en “El impulso del crédito para el crecimiento. Estrategias frente a un escenario de cambio” en el Financial Inovation 2024.

Conoce más en 
supervielle.com.ar
#HumanBanking",0,0,0,442,2024-11-01T13:57:29.000Z
Supervielle_ARG," ¡Estuvimos presentes en la Expo Oil & Gas, la mejor propuesta para impulsar tu negocio! 

Si formás parte de la cadena de valor del sector, tenemos soluciones a medida para que sigas creciendo:
Leasing
Préstamos Prendarios
Préstamos de corto plazo o inversión productiva",1,0,1,586,2024-10-30T14:03:23.000Z
Supervielle_ARG," Además, podés comunicarte con un ejecutivo por videollamada, desde donde estés y con horario extendido. Estamos cerca para que tu empresa siga avanzando sin límites. 

Conocé más en 
supervielle.com.ar
#HumanBanking #ExpoOilAndGas",0,0,0,319,2024-10-30T14:03:25.000Z
Supervielle_ARG," ¡Aprendé a manejar tu plata como un profesional, pero a tu ritmo!
Organizá tus finanzas con clases 100% virtuales y on-demand, incluyendo PDFs descargables y autoevaluaciones para que tomes el control de tu economía.",1,0,2,810,2024-10-25T20:14:25.000Z
Supervielle_ARG," Anotate en nuestro curso gratuito de Finanzas 
En el Día de la Educación Financiera, te damos acceso gratuito al curso ""Finanzas"" de InvertirOnline.

 Tenés tiempo hasta el 13/10
Inscribite ahora y reservá tu lugar  
campus.invertironline.com/courses/finanz
…
#HumanBanking",3,0,0,661,2024-10-07T16:19:30.000Z
Supervielle_ARG,"¡Hace 8 años que acompañamos el futuro de jóvenes junto a 
@Bisblick
!
El 19/9 recibimos a 40 estudiantes, donde compartimos experiencias y una capacitación en finanzas personales de la mano de 
@iolinversiones
Te invitamos a conocer más en 
supervielle.com.ar/institucional/
…
#HumanBanking",0,0,0,803,2024-10-04T14:49:07.000Z
Supervielle_ARG," ¡Este finde comé rico y ahorrá en Alamesa!

De jueves a domingo, disfrutá de un 20% de ahorro (tope $5.000) por transacción pagando con tus Tarjetas Supervielle de crédito. Si sos Identité, ¡tenés el 30% de ahorro con tope de $15.000 por transacción!",4,0,3,883,2024-10-02T19:45:35.000Z
Supervielle_ARG,"¿Tenés ganas de salir a comer?  ¡Este es el momento! Hacenos caso, no dejes que te cuenten: reservá tu mesa y aprovechá estos ahorros exclusivos en Alamesaresto. ",0,0,1,438,2024-10-02T19:45:36.000Z
Supervielle_ARG,"Alamesa es un resto que representa un trabajo sofisticado de decodificación del “lenguaje” a través de un equipo neurodiverso con una logística especialmente diseñada para optimizar el desempeño.

 ¡Nos vemos en Alamesa! 
Conocé más en 
supervielle.com.ar",0,0,1,426,2024-10-02T19:45:37.000Z
Supervielle_ARG," ¡Con Supervielle hacé realidad tus próximos viajes! 
En Despegar, hasta el 6/10 en vuelos, paquetes, alojamientos, autos, traslados y actividades por la Argentina tenés:",0,0,3,698,2024-09-27T23:01:26.000Z
Supervielle_ARG,"Tenés un 20% de ahorro con tope de $15.000 pagando con tus Tarjetas Supervielle de crédito. 
Ó un 30% de ahorro con tope de $20.000 pagando con tus Tarjetas Supervielle Identité de crédito.",0,0,2,475,2024-09-27T23:01:28.000Z
Supervielle_ARG,"Y 300% de bonus extra en millas para miembros de Club Smiles. 

Conocé más en 
supervielle.com.ar
#HumanBanking",0,0,0,473,2024-09-27T23:01:28.000Z
Supervielle_ARG,"Hoy 27/09 se conmemora el Día Nacional de la Conciencia Ambiental, un buen momento para recordar que el impacto de las acciones es colectivo.

#Supervielle #HumanBanking",4,1,1,564,2024-09-27T18:47:12.000Z
Supervielle_ARG,"Cada pequeña acción para cuidar el ambiente suma:
Reducí, reutilizá, reciclá
Evitá derrochar agua
Apagá luces que no necesites
Desenchufá electrodomésticos que no uses
Comprá productos amigables con el ambiente
No te olvides de tu bolsa reutilizable",1,0,2,402,2024-09-27T18:47:13.000Z
Supervielle_ARG,"¿12 cuotas sin interés, pagando con Supervielle en Mercado Libre? 
¡Compro! 

Conocé más en 
supervielle.com.ar
#HumanBanking",3,0,11,772,2024-09-23T17:28:39.000Z
Supervielle_ARG," En el Día de las Infancias, queremos destacar a quienes trabajan incansablemente por un futuro mejor para las niñas y niños en situación de vulnerabilidad.",0,0,4,833,2024-08-18T13:01:31.000Z
Supervielle_ARG,"Casa Rafael apuesta al poder transformador del arte para promover la resiliencia en niños, niñas y adolescentes en situación de riesgo. Con un enfoque en la ""Educación por el Arte"" y acompañamiento psicológico y social, han impactado la vida de 5000 chicos de La Boca desde 2006.",0,0,4,694,2024-08-18T13:01:35.000Z
Supervielle_ARG,"Estas organizaciones están marcando una diferencia real en la vida de muchos niños y niñas. Vos también podés sumarte y ser parte de este cambio. 

Descubrí más sobre su valioso trabajo y cómo podés apoyar:
 
casarafael.org.ar
 
pilares.org.ar

#HumanBanking",1,0,0,588,2024-08-18T13:01:36.000Z
Supervielle_ARG,"¡+Pyme te trae una nueva edición del programa IMPULSATE! 

“Habilidades para gestionar tu pyme” es el ciclo de charlas y capacitaciones gratuitas que pensamos para que puedas potenciar tu negocio. Vas a llevarte verdaderas herramientas para el día a día. ¡Seas o no seas cliente!",0,0,1,514,2024-08-16T15:19:36.000Z
Supervielle_ARG,"Sumate el 27 de agosto, a las 17hs a la charla “¿Cómo tomar decisiones en tu negocio?”, es vía Zoom y estará a cargo del speaker Federico Buono.

Inscribite sin cargo en 
supervielle.com.ar/negocios/empre
… 
#HumanBanking",1,0,0,449,2024-08-16T15:19:38.000Z
Supervielle_ARG,"Tu billetera Supervielle hace que tu dinero crezca. Con Inversión Rápida, tu plata rinde todos los días y la podés retirar cuando quieras.

¡Abrí tu Cuenta Hit y Movela! ¿Qué esperás para disfrutar todas sus ventajas? 

#HumanBanking #Supervielle #InversiónRápida #movela",1,1,0,957,2024-08-15T18:16:17.000Z
Supervielle_ARG,"El smishing es una técnica de ciberataque que utiliza mensajes de texto, como SMS, WhatsApp y redes sociales, con el objetivo de obtener tu información confidencial para estafarte.
 
Conocé más acerca del smishing ingresando en 
supervielle.com.ar/blog/cibersegu
…
#HumanBanking",1,0,3,539,2024-08-14T13:01:52.000Z
Supervielle_ARG,"Se viene la 3ra edición del Premio Supervielle Exporta
Presentá tu estrategia de internacionalización y viajá a la Barcelona Business Week 2025.  
¡Próximamente!

#HumanBanking",0,0,7,1000,2024-07-26T13:03:03.000Z
Supervielle_ARG,"¡Hasta el 21 de julio, celebrás la amistad con más ahorros!

Aprovechá un 20% de ahorro (tope por transacción $1000) en tus compras pagando en cualquier QR con tus Tarjetas Supervielle.

Conocé más en 
supervielle.com.ar
#HumanBanking",0,0,2,971,2024-07-20T13:01:51.000Z
Supervielle_ARG,"¡Nuevamente, llegó RASPÁ Y GANÁ! 
 Pagar con QR desde la App Supervielle, ¡te conviene!

En cada compra superior a $4.000, sumás chances de ganar si pagás con QR desde la App Supervielle. Y si ganás, recibís el dinero

Conocé más en 
supervielle.com.ar
#HumanBanking",1,0,6,878,2024-07-16T13:02:24.000Z
Supervielle_ARG,"¿Todavía no usas MODO en la App Supervielle?
Asociá 
@MODO_Arg
 y pagá en cualquier QR con tus Tarjetas Supervielle de crédito. 

¡MODEAR es la que va! 

Conocé cómo asociarlo en 
supervielle.com.ar/personas/servi
…
#HumanBanking #MODO",1,0,1,689,2024-07-15T14:24:18.000Z
Supervielle_ARG,"Junto a 
@awscloud
  nos estamos transformando y queremos que seas parte de esta revolución tecnológica ¿querés sumarte?  
‌
Conocé nuestras búsquedas : 
lnkd.in/dUtHdUZW

#EmpleosAr",3,0,0,610,2024-07-12T16:17:37.000Z
Supervielle_ARG,"Con Smiles, volar tiene otro encanto  

El 11 y 12 de julio podés disfrutar de un 20% de ahorro en la compra de millas de Smiles, pagando con tus Tarjetas Supervielle de crédito. Tope $15.000.
Y si sos cliente Identité tenés un 30% de ahorro, tope $17.500.",0,0,2,645,2024-07-10T20:02:01.000Z
Supervielle_ARG,"Además, aprovechá 300% de BONUS EXTRA en millas, para miembros de CLUB SMILES  

 Conocé más en 
smiles.com.ar
 #HumanBanking",0,0,1,574,2024-07-10T20:02:02.000Z
Supervielle_ARG,"Recordá nuestros sitios oficiales:

 Web Supervielle:
supervielle.com.ar

 Online Banking:
personas.supervielle.com.ar

 Online Banking Empresas:
empresas.supervielle.com.ar",1,0,1,421,2024-07-03T20:23:28.000Z
Supervielle_ARG," Si tenés sospechas de haber sufrido una estafa virtual comunicate, de inmediato, al 1168423330. Esta es una línea exclusiva para denuncias a la que podrás llamar todos los días, las 24hs

Conocé más en 
supervielle.com.ar
#Ciberseguridad #HumanBanking",2,0,1,410,2024-07-03T20:23:29.000Z
Supervielle_ARG,"¡Volvieron las cuotas a Supervielle!

 Conocé más en 
supervielle.com.ar/personas/benef
…
#HumanBanking",1,0,1,490,2024-07-03T14:24:56.000Z
Supervielle_ARG,"Durante julio, con tus Tarjetas Supervielle de crédito:
Todos los días, tenés 12 cuotas fijas en Thermomix.
Los jueves y viernes, aprovechá 12 cuotas sin interés en Mercado Libre.
Los sábados y domingos, disfrutá 18 cuotas sin interés en electro seleccionados de COTO.",1,0,0,407,2024-07-03T14:24:56.000Z
Supervielle_ARG,"¡Llega la 10° edición de Relatos Cortos y te invitamos a deslumbrar con tu imaginación! 

Si sos cliente de Banco Supervielle te invitamos a participar del concurso literario “Grandes Autores, Relatos Cortos” 

Conocé más en 
supervielle.com.ar/relatoscortos
#HumanBanking",2,0,1,492,2024-07-02T16:01:43.000Z
Supervielle_ARG,"¡HACELO VOS!
Completá el formulario y sumate a nuestro programa de capacitaciones gratuitas en donde aprenderás los secretos de tu celular, el uso de las tarjetas de crédito y débito, Online Banking, App Supervielle, inversiones, pagos con QR, transferencias, ¡y mucho más!",0,0,1,494,2024-07-01T13:01:44.000Z
Supervielle_ARG,"¡No te lo pierdas! Ahora HACELO VOS, porque la tecnología no tiene edad.

Inscribite en 
supervielle.com.ar/hacelo-vos o llamá al 0810 222 2639.
#HumanBanking",2,0,0,358,2024-07-01T13:01:44.000Z
Supervielle_ARG,"Accedé solo a sitios de confianza

Desde Supervielle, queremos que navegues de forma segura. Acceder a sitios de confianza es fundamental para proteger tu información personal y financiera.

Abrimos hilo para conocer por qué es importante y cómo identificar sitios seguros.",1,1,4,576,2024-06-29T13:01:31.000Z
Supervielle_ARG," Si tenés sospechas de haber sufrido una estafa virtual comunicate, de inmediato, al 1168423330. Esta es una línea exclusiva para denuncias a la que podrás llamar todos los días, las 24hs

Conocé más en 
supervielle.com.ar
#Ciberseguridad #HumanBanking",0,0,1,423,2024-06-29T13:01:33.000Z
Supervielle_ARG,¡Invertí tu aguinaldo y hacelo rendir! ,0,0,1,456,2024-06-28T20:01:35.000Z
Supervielle_ARG," ¡Llegó el Programa de Referidos! 

¿Querés ganar premios recomendando a tus amigos? Ahora es tu oportunidad y abrimos hilo con algunos consejos

Conocé más en 
supervielle.com.ar/personas/benef
…
#HumanBanking",0,0,1,434,2024-06-24T13:01:56.000Z
Supervielle_ARG,"Los topes se establecerán considerando un período de 30 días corridos, considerando mes calendario.
Se prioriza a los referidos de mayor valor para pagar el premio.
El referido debe realizar al menos un consumo con su TD para que el referente sea premiado.",0,0,0,376,2024-06-24T13:01:56.000Z
Supervielle_ARG," Conexión segura con VPN 

¿Sabías que una VPN puede proteger tu información en redes públicas? Hoy te explicamos qué es una VPN y por qué es esencial para tu seguridad.

Abrimos hilo para descubrir cómo una VPN puede mantener tus datos seguros. ",0,0,1,503,2024-06-22T13:01:31.000Z
Supervielle_ARG," Si tenés sospechas de haber sufrido una estafa virtual comunicate, de inmediato, al 1168423330. Esta es una línea exclusiva para denuncias a la que podrás llamar todos los días, las 24hs

Conocé más en 
supervielle.com.ar
#Ciberseguridad #HumanBanking",0,0,1,393,2024-06-22T13:01:36.000Z
Supervielle_ARG,"Hoy celebramos la creación del símbolo que nos une a todos los argentinos. 

¡Feliz día!

#HumanBanking",1,0,0,488,2024-06-20T13:02:10.000Z
Supervielle_ARG,"El jueves 20 y viernes 21 de junio nuestras sucursales permanecerán cerradas.

Podrás seguir operando a través de nuestros canales digitales y automáticos.

Consultá nuestros tutoriales en 
supervielle.com.ar/tutoriales
#HumanBanking",0,0,0,442,2024-06-19T21:58:00.000Z
Supervielle_ARG,"Estamos orgullosos de contarte que entregamos nuestro 1er Préstamo Hipotecario.
En Supervielle te acompañamos a impulsar el sueño de tener tu casa propia.

Conocé más en 
supervielle.com.ar
#HumanBanking",3,1,4,972,2024-06-18T18:40:52.000Z
Supervielle_ARG,"¡Disfrutá más todo lo que querés con este beneficio en Mercado Libre!

Todos los jueves y viernes de junio tus compras en 
@ML_Argentina
 con tus Tarjetas Supervielle de crédito, ¡tienen 12 cuotas sin interés! 

Conocé más en 
supervielle.com.ar
#HumanBanking",4,1,1,535,2024-06-05T22:01:30.000Z
Supervielle_ARG," ¡Feliz Día del Ambiente! 

Hoy es un día especial para reflexionar sobre cómo podemos contribuir a un planeta más sostenible. 

¡Abrimos hilo para mostrarte cómo estamos haciendo nuestra parte! 

Conocé más en  
supervielle.com.ar

#HumanBanking #DiadelAmbiente",2,0,1,428,2024-06-05T16:30:15.000Z
Supervielle_ARG,"¡Llega la 10° edición de Relatos Cortos para que deslumbres con tu imaginación! 

Si sos cliente de Banco Supervielle te invitamos a participar del concurso literario “Grandes Autores, Relatos Cortos” 

 Conocé más en 
supervielle.com.ar/relatoscortos
#HumanBanking",3,1,0,457,2024-06-04T14:39:18.000Z
Supervielle_ARG,"Averiguá qué quiere papá con tiempo y asegurate de encontrar todo lo que necesitás.

Del 1 al 5/6, disfrutá de un 20% de ahorro (tope $10.000) en tiendas online adheridas a MODO, pagando con 
@MODO_Arg
 desde App Supervielle.

Conocé más en 
supervielle.com.ar
#HumanBanking",0,0,0,568,2024-06-02T14:30:22.000Z
Supervielle_ARG,"¡Hacé las compras con un beneficio!

Los viernes en Coto, ahorrá hasta un 30% de ahorro, tope semanal de $10.000, con tus Tarjetas Supervielle pagando en un QR de 
@MODO_Arg
.

Conocé más en 
supervielle.com.ar
#HumanBanking",1,0,0,598,2024-05-30T13:01:37.000Z
Supervielle_ARG,"¡Disfrutá de una experiencia única en Alamesa!

De jueves a domingos, aprovechá un 20% de ahorro con tus Tarjetas Supervielle de crédito, con tope de $3000. Si sos cliente Identité, tenés un 30% de ahorro, tope $6000.

Conocé más en 
supervielle.com.ar
#HumanBanking",0,0,2,589,2024-05-20T20:35:35.000Z
Supervielle_ARG,"¡Con Supervielle y MODO, ahorrás más!

¡No hay límite de transacciones para alcanzar el tope de reintegro!

Conocé más en 
supervielle.com.ar
#HumanBanking",0,0,3,683,2024-05-19T21:01:29.000Z
Supervielle_ARG,"Pagando con QR de MODO desde la App Supervielle, aprovechá:

Lunes y martes, hasta el 25/5, un 25% de ahorro en Sodimac.
Lunes, hasta el 31/5, un 30% de ahorro y 3 cuotas sin interés en Cheeky y Como Quieres Que Te Quiera.
Martes, hasta el 18/6, un 20% de ahorro en Shell.",1,0,2,503,2024-05-19T21:01:30.000Z
Supervielle_ARG,"¡Feliz día de la escarapela!

 #HumanBanking",4,0,0,764,2024-05-18T13:01:58.000Z
Supervielle_ARG,"¡Llegó RASPÁ Y GANÁ! 

En cada compra superior a $4000, sumás chances de ganar si pagás con QR desde la App Supervielle. Si ganás, recibís el dinero en el momento en tu cuenta

Conocé más en 
supervielle.com.ar
#HumanBanking",2,0,2,678,2024-05-17T15:47:23.000Z
Supervielle_ARG,"Supervielle, junto a #ExpoEFI, te invita a participar del evento de #Economía, #Finanzas e #Inversiones más importante del país el próximo 12 y 13 de junio, en La Rural.

Podés adquirir tu entrada en 
supervielle.com.ar/negocios/pymes
…

Conocé más en 
supervielle.com.ar
#HumanBanking",4,2,0,568,2024-05-16T19:35:18.000Z
Supervielle_ARG,"¡Abrí tu billetera Supervielle y empezá a moverla!
Descubrí los beneficios de abrir tu cuenta HIT gratis, en donde vas a poder realizar todas las operaciones que quieras, desde donde quieras y cuando quieras. 

Conocé más en 
supervielle.com.ar
#Movela #HumanBanking",1,0,1,981,2024-05-13T19:05:42.000Z
Supervielle_ARG,"La semana más caliente, días de ahorros imperdibles

Del 13 al 19 de mayo, 6 cuotas sin interés en Mercado Libre.
Del 13 al 15 de mayo, 6 cuotas sin interés en Farmacity y del 16 al 19 de mayo, 3 cuotas sin interés. Exclusivo en compras online en 
Farmacity.com",3,1,2,5000,2024-05-13T12:52:26.000Z
Supervielle_ARG,"¡Animate a pedirle a +Pyme la atención que necesitas!
Comunicate con un ejecutivo por videollamada, desde cualquier lugar y en horario extendido.
Abrí tu cuenta, accedé a la oferta crediticia y obtené el préstamo en 72hs de manera digital.
 
+Human 
+Banking 
+Pyme 
#HumanBanking",1,0,1,664,2024-05-02T22:01:56.000Z
Supervielle_ARG,"¡Ahorrá con este beneficio en 
@Mercadolibre
!
Hoy pagá tus compras con tus Tarjetas Supervielle de crédito y aprovechá:
Hasta 3 cuotas sin interés
Hasta 9 cuotas sin interés en productos seleccionados de la categoría Hogar

Conocé más en 
supervielle.com.ar
#HumanBanking",0,0,0,465,2024-05-02T16:34:30.000Z
Supervielle_ARG," ¡Hoy es el Día de la Contraseña! 
¿Sabías que tu contraseña es como una llave digital única?  Recordá siempre mantenerla como un secreto, ¡es tu mejor defensa contra accesos no autorizados! ",0,0,2,375,2024-05-02T15:30:29.000Z
Supervielle_ARG,"Te compartimos algunos consejos de seguridad para crear contraseñas fuertes:

Debe tener, al menos, 8 caracteres
Incluí letras mayúsculas, minúsculas, números y caracteres especiales
Nunca uses datos fáciles de identificar
Cada plataforma debe tener su propia contraseña",0,0,2,292,2024-05-02T15:30:33.000Z
Supervielle_ARG,"No olvides proteger tus contraseñas guardándolas de forma segura y cambiándolas periódicamente 

 Si tenés sospechas de haber sufrido una estafa virtual comunicate al 1168423330, nuestra línea exclusiva para denuncias

Conocé más en 
supervielle.com.ar
#HumanBanking",0,0,0,271,2024-05-02T15:30:33.000Z
Supervielle_ARG,"¡Feliz día internacional del Trabajador!

 #HumanBanking",3,0,2,467,2024-05-01T13:01:52.000Z
Supervielle_ARG,"El miércoles 1 de mayo nuestras sucursales permanecerán cerradas.

Podrás seguir operando a través de nuestros canales digitales y automáticos.

Consultá nuestros tutoriales en 
supervielle.com.ar/tutoriales
#HumanBanking",0,0,0,410,2024-04-30T21:30:00.000Z
Supervielle_ARG,"¡Tu caja de ahorro en Moneda Extranjera GRATIS está esperándote!

Si cumplís con los requisitos normativos, solicitala luego de dar de alta tu cuenta HIT
Si ya sos cliente, podés pedirla desde Online Banking

Conocé más en 
supervielle.com.ar
#HumanBanking",0,0,2,448,2024-04-30T14:41:28.000Z
Supervielle_ARG," Con este especial en Indumentaria, ¡ahorrá más!

Del 18 al 20 de abril, disfrutá estos beneficios, en marcas seleccionadas, con tus Tarjetas Supervielle pagando con 
@MODO_Arg
 desde App Supervielle.

Conocé más en 
supervielle.com.ar/landings/espec
…
#HumanBanking",0,0,1,421,2024-04-17T13:02:06.000Z
Supervielle_ARG,"Hasta un 30% de ahorro, tope $18.000.
Si sos cliente Identité, hasta un 35% de ahorro, tope $22.500. 
Si sos cliente Plan Sueldo, hasta un 40% de ahorro, tope $25.000.

Además, ¡aprovechá 3 cuotas sin interés pagando con tus Tarjetas Supervielle de crédito!",1,0,0,292,2024-04-17T13:02:07.000Z
Supervielle_ARG,"En nuestras sucursales, la inclusión es más que una prioridad, ¡es nuestro compromiso con cada uno de nuestros clientes! Por eso, te invitamos a conocer las nuevas medidas de accesibilidad.",2,2,1,498,2024-04-15T13:30:30.000Z
Supervielle_ARG,"Para clientes con discapacidad visual: ¡facilitamos aún más el acceso a la información con nuestro servicio de documentación en Braille! Ahora, no sólo se puede obtener documentación en Braille en las sucursales, sino que también se puede solicitarla a través de videollamada.",0,1,1,305,2024-04-15T13:30:33.000Z
Supervielle_ARG,"Y para clientes de sucursal virtual, ¡entregamos la documentación directamente en sus domicilios! Garantizamos la seguridad de sus datos con un proceso de encriptado, para proteger la información en todo momento.

Conocé más en 
supervielle.com.ar
#HumanBanking",1,2,1,309,2024-04-15T13:30:34.000Z
Supervielle_ARG,Servicio de intérprete para personas sordas: podrán ser atendidas en las sucursales a través de una plataforma con un intérprete de lengua de señas argentina (LSA).,1,0,1,44,2024-04-15T13:30:32.000Z
Supervielle_ARG,"¡Volvieron las cuotas a Supervielle!

Aprovechá estos beneficios con tus Tarjetas Supervielle de crédito.

 Conocé más en 
supervielle.com.ar/personas/benef
…
#HumanBanking",0,0,1,500,2024-04-11T17:35:38.000Z
Supervielle_ARG,"¡Hay una nueva modalidad de estafa telefónica!

Te compartimos todo lo que necesitás saber para que no te pase.

Si tenés sospechas de haber sufrido una estafa virtual comunicate, de inmediato, al 1168423330

Conocé más en en 
supervielle.com.ar
#HumanBanking",1,0,1,445,2024-03-27T18:51:08.000Z
Supervielle_ARG,"¡Los beneficios de Supervielle son mejores con MODO!

Del 25 al 31/3, tenés hasta un 20% de ahorro (tope $1000 por transacción y hasta 5 transacciones), con tus Tarjetas Supervielle en un QR de MODO desde la App Supervielle.

Conocé más en 
modo.com.ar/promos-banco?i
…
#HumanBanking",2,0,1,498,2024-03-25T12:02:06.000Z
Supervielle_ARG," ¿Sabías que podés hacer las compras para Pascua y ahorrar al mismo tiempo?

Conocé más en 
supervielle.com.ar
#HumanBanking #Supervielle #Beneficios #Supermercados #Ahorros #Chocolate #Rapanui #Havanna",0,0,1,647,2024-03-24T22:30:22.000Z
Supervielle_ARG,"En Rapanui, aprovechá un 20% de ahorro, con tus Tarjetas Supervielle de crédito.
Y, si sos cliente Identité, tenés hasta un 30% de ahorro, pagando con tus Tarjetas Supervielle Identité de crédito.",0,0,1,449,2024-03-24T22:30:24.000Z
Supervielle_ARG,"En Havanna, tenés un 30% de ahorro, con tu Tarjeta Supervielle de débito pagando con 
@MODO_Arg
 desde App Supervielle.
Los martes, en supermercados adheridos, ahorrá hasta un 20%, con tus Tarjetas Supervielle pagando con MODO desde App Supervielle.",1,0,0,471,2024-03-24T22:30:26.000Z
Supervielle_ARG,"Hoy es el Día Mundial del Agua, un recordatorio importante de la importancia de este recurso clave para la vida en nuestro planeta.",1,0,2,408,2024-03-22T12:02:18.000Z
Supervielle_ARG,"Solo el 0.01% del agua de la Tierra es potable y la demanda aumenta conforme al crecimiento de la población. Con el consumo excesivo ya presente en muchas ciudades, es crucial tomar medidas para su uso responsable.",2,1,1,311,2024-03-22T12:02:19.000Z
Supervielle_ARG,"¡Te compartimos unos tips!
No dejes correr el agua al cepillarte los dientes o al afeitarte.
Elegí bañarte con duchas cortas..
Para lavar el auto, utilizá un balde para no dejar correr el agua.

¡Cuidemos el agua!

Conocé más en 
supervielle.com.ar
#HumanBanking",0,0,0,261,2024-03-22T12:02:20.000Z
Supervielle_ARG,"Del 5 al 11/3, aprovechá un 20% de ahorro en tus compras pagando con tus Tarjetas Supervielle o pago con transferencia EN CUALQUIER QR desde App Supervielle.
Y si sos cliente Identité o Plan Sueldo el reintegro es de un 30%.

Conocé más en 
supervielle.com.ar
#HumanBanking",2,0,5,578,2024-03-05T15:09:51.000Z
Supervielle_ARG,"¡Los beneficios de Supervielle son mejores con MODO!

Si aún no operás con 
@MODO_Arg
, activalo y accedé a un 100% de ahorro, tope $4500, con tus Tarjetas Supervielle o Pago con Transferencia en un QR de MODO desde App Supervielle.
Conocé más 
supervielle.com.ar
#HumanBanking",0,0,2,554,2024-03-02T15:22:55.000Z
Supervielle_ARG,Queremos contarte las últimas novedades de Club Supervielle para que puedas disfrutar más de tus premios. ,0,0,2,557,2024-03-01T22:01:28.000Z
Supervielle_ARG,"Además, cambia el vencimiento de tus puntos. Los que tengas acumulados hasta el 30/04/2024 mantendrán su vigencia de 3 años para su vencimiento. A partir del 01/05/2024 los nuevos puntos que acumules tendrán 2 años para su vencimiento. ",0,0,1,364,2024-03-01T22:01:28.000Z
Supervielle_ARG,"Acordate de chequear regularmente tus puntos para poder canjearlos por tus premios favoritos.
Aprovechá a full Club Supervielle.
El programa que te premia por usar tus Tarjetas Supervielle.

Conocé más en 
supervielle.com.ar
#HumanBanking #Supervielle #ClubSupervielle",0,0,0,386,2024-03-01T22:01:29.000Z
Supervielle_ARG,"¡Conocé estás 5 claves a la hora de utilizar 
@MODO_Arg
  en App Supervielle! 

Usalo para todo y llevá todos tus ahorros al siguiente nivel. 

Conocé más en 
supervielle.com.ar
#HumanBanking",0,0,2,510,2024-02-26T21:34:24.000Z
Supervielle_ARG,"¡Los beneficios de Supervielle son mejores con #MODO!

Del 23 al 29/2, tenés hasta un 20% de #ahorro (tope $1.000 por transacción, hasta 5 transacciones), pagando con tus Tarjetas Supervielle en un #QR de 
@MODO_Arg
 desde la App Supervielle.

Conocé más 
modo.com.ar/promos-banco?i
…",1,0,1,426,2024-02-22T21:34:17.000Z
Supervielle_ARG,En Supervielle pensamos siempre en el futuro. Por eso innovamos en gestión educativa  desarrollando herramientas de gestión y ventajas para entidades educativas:,3,0,2,434,2024-02-21T15:15:40.000Z
Supervielle_ARG," Atención especializada. 
 Tasas diferenciales.
 Beneficios para docentes y padres. 

Conocé más sobre nuestra propuesta en 
supervielle.com.ar
#Supervielle #HumanBanking #Educación",0,0,1,337,2024-02-21T15:15:41.000Z
Supervielle_ARG,"En El Dorado (Pinamar):
De jueves a domingos, podés ahorrar en el restaurante del balneario y los viernes duplicá con MODO.

Todos los beneficios aplican pagando con 
@MODO_Arg
 desde la App Supervielle y los topes son por transacción.

Conocé más en 
supervielle.com.ar",1,0,0,354,2024-02-16T21:04:51.000Z
Supervielle_ARG,"¡La vuelta al cole es con Supervielle!

Del 15 al 18 de febrero, podés ahorrar en la compra de artículos escolares, librerías, uniformes e indumentaria deportiva en locales de marcas adheridas. Ahorrá hasta:",1,0,1,417,2024-02-15T18:15:25.000Z
Supervielle_ARG,"Un 20%  con tope $12.000.
Si sos cliente Identité, un 30%, con tope $17.000.
Si sos cliente Plan Sueldo, un 35%, con tope $20.000.

A los ahorros accedés pagando con tus Tarjetas Supervielle o Pago con Transferencia en un QR de MODO desde App Supervielle.",0,0,1,353,2024-02-15T18:15:25.000Z
Supervielle_ARG,"Además, si pagás con tus Tarjetas Supervielle de crédito en un QR de MODO, tenés 3 cuotas sin interés.

Este beneficio es acumulable con otros vigentes.

Conocé más en 
supervielle.com.ar

#HumanBanking #vueltaalcole #libreria #modo #uniformes",0,0,0,322,2024-02-15T18:15:26.000Z
Supervielle_ARG,"Si sos cliente Identité, podés disfrutar de un 30% de ahorro en la compra de millas de Smiles, pagando con tus Tarjetas Supervielle Identité de crédito. Tope $12.500.",0,0,1,292,2024-02-15T12:26:55.000Z
Supervielle_ARG," Además, si sos miembro de Club Smiles, ¡te llevás un bonus de 270% en la compra de millas para miembros de Club Smiles!

Conocé más en 
smiles.com.ar
#HumanBanking",0,0,0,300,2024-02-15T12:26:56.000Z
Supervielle_ARG,"El 14 de febrero, celebrá el amor con este beneficio, porque el amor se celebra mejor saliendo a comer.

En cualquier local del rubro Gastronomía ahorrá:",2,0,1,334,2024-02-14T12:03:26.000Z
Supervielle_ARG,"Hasta un 20%, pagando con tus Tarjetas Supervielle o Pago con Transferencia en un QR de MODO desde App Supervielle. Tope $4.000
Si sos cliente Identité, hasta un 30% pagando con tus Tarjetas Supervielle Identité o Pago con Transferencia en un QR de MODO desde App Supervielle.",1,0,1,284,2024-02-14T12:03:26.000Z
Supervielle_ARG,"Con Supervielle, ¡celebrá el amor en todas sus formas!

Conocé más en 
supervielle.com.ar
#HumanBanking",1,0,0,240,2024-02-14T12:03:27.000Z
Supervielle_ARG,"El lunes 12 y martes 13 de febrero nuestras sucursales permanecerán cerradas.

Podrás seguir operando a través de nuestros canales digitales y automáticos.

Consultá nuestros tutoriales en 
supervielle.com.ar/tutoriales
#HumanBanking",0,0,0,361,2024-02-11T22:04:00.000Z
Supervielle_ARG,"Pagar con #MODO desde la App Supervielle, ¡te conviene!

Activá 
@MODO_arg
 y accedé a un 100% de #ahorro, tope de $3500, pagando con tus Tarjetas Supervielle o Pago con Transferencia en un QR de MODO desde App Supervielle

Conocé más en 
supervielle.com.ar
#HumanBanking",0,0,0,375,2024-02-10T13:01:35.000Z
Supervielle_ARG,"El lunes 12 y martes 13 de febrero nuestras sucursales permanecerán cerradas.

Podrás seguir operando a través de nuestros canales digitales y automáticos.

Consultá nuestros tutoriales en 
supervielle.com.ar/tutoriales
#HumanBanking",1,0,0,347,2024-02-09T21:02:00.000Z
Supervielle_ARG,"Hoy es el Día Internacional de la Educación Ambiental, un recordatorio de que cada elección cuenta. ¡Descubrí cómo pequeñas acciones pueden marcar grandes diferencias!

Conocé más en 
supervielle.com.ar
#HumanBanking",0,0,1,402,2024-01-26T14:09:41.000Z
Supervielle_ARG,"¡Los beneficios de Supervielle son mejores con 
@MODO_Arg
! 

Del 25 al 31 de enero, tenés hasta un 20% de ahorro (tope $1.000 por transacción), pagando con tus Tarjetas Supervielle en un QR de MODO desde la App Supervielle.

Conocé más en 
modo.com.ar/promos-banco?i
…
#HumanBanking",0,0,0,397,2024-01-24T21:29:31.000Z
Supervielle_ARG,"Debido a medidas gremiales, este miércoles 24 la atención podría verse afectada.
 Podrás seguir operando a través de nuestros canales digitales y automáticos.
 Consultá nuestros tutoriales en: 
supervielle.com.ar/tutoriales

Conocé más en 
supervielle.com.ar
#HumanBanking",2,1,2,503,2024-01-23T21:27:31.000Z
Supervielle_ARG,"¡Tu caja de ahorro en Moneda Extranjera GRATIS está esperándote!

Si cumplís con los requisitos normativos, solicítala luego de dar de alta tu cuenta HIT
Si ya sos cliente, podés pedirla desde Online Banking

Conocé más en 
supervielle.com.ar
#HumanBanking",2,1,1,420,2024-01-22T13:05:00.000Z
Supervielle_ARG,"Reservá una mesa en un restaurante, que del ahorro nos encargamos nosotros

De jueves a domingo, en Gastronomía pagando con tus Tarjetas Supervielle de crédito, aprovechá un 20% de ahorro y, si sos cliente Identité, un 30%.

Conocé más 
supervielle.com.ar/personas/benef
…
#HumanBanking",0,0,2,396,2024-01-19T13:30:00.000Z
Supervielle_ARG,"Este verano llegá a todas partes

Todos los días, ahorrá hasta un 30% en Cabify.
30% de ahorro, pagando con tu Tarjeta Supervielle Identité de débito. 
20% de ahorro, pagando con tu Tarjeta Supervielle de débito.

Conocé más en 
supervielle.com.ar/personas/benef
…
#HumanBanking",1,0,0,387,2024-01-18T22:07:00.000Z
Supervielle_ARG,"Desayuná y merendá de la manera más dulce: ¡ahorrando!
En Mar del Plata, todos los días aprovechá un 30% en Havanna y Café Martínez pagando con tus Tarjetas Supervielle de débito en un QR de 
@MODO_Arg
 desde la App Supervielle.
Conocé más en 
supervielle.com.ar/personas/benef
…
#HumanBanking",1,0,3,573,2024-01-16T13:00:01.000Z
Supervielle_ARG,"El lunes 01 de enero nuestras sucursales permanecerán cerradas.

Podrás seguir operando a través de nuestros canales digitales y automáticos.

Consultá nuestros tutoriales en 
supervielle.com.ar/tutoriales
#HumanBanking",0,1,5,834,2023-12-31T23:47:46.000Z
Supervielle_ARG,"¡El 2023 fue un año de muchos logros!
Gracias por continuar eligiéndonos. Vamos por un 2024 donde hagamos mucho más.

¡Feliz año!
#HumanBanking",1,0,5,600,2023-12-29T20:10:35.000Z
Supervielle_ARG,"Realizá la compra desde un dispositivo de confianza.
 No utilices redes públicas a la hora de realizar compras online.
 Recordá tener el sistema operativo del dispositivo actualizado para evitar fallas en la seguridad, al igual que contar con un antivirus.",0,0,1,350,2023-12-28T15:59:23.000Z
Supervielle_ARG,"Comprá en tiendas oficiales, o en sitios web que te brinden confianza, y siempre chequeá que la página comience con HTTPS.

Conocé más en 
supervielle.com.ar
#HumanBanking",0,0,3,358,2023-12-28T15:59:24.000Z
Supervielle_ARG,"En estas fiestas, nuestro equipo de ciberseguridad nos comparte recomendaciones a la hora de realizar compras por internet para que operes de forma segura.

 Si creés que fuiste víctima de una estafa virtual comunicate de inmediato al 1168423330 ¡Estamos disponibles las 24hs!",0,1,2,566,2023-12-28T15:59:22.000Z
Supervielle_ARG,"Colocá contraseñas diferentes para cada una de tus cuentas en tiendas online.
Revisá periódicamente los extractos bancarios.
No guardes los datos de tu tarjeta en sitios web.
Sospechá ante ofertas demasiado buenas o muy baratas.",0,0,1,299,2023-12-28T15:59:23.000Z
Supervielle_ARG,"Activá 
@modo_arg
, porque ¡los beneficios de Supervielle son mejores con MODO! 

 Hasta el 31/12, tenés un 20% de ahorro pagando con tus Tarjetas Supervielle o transferencia EN CUALQUIER QR desde la App Supervielle.

Conocé más en 
modo.com.ar/promos-banco?i
…
#HumanBanking",0,0,0,431,2023-12-27T14:35:29.000Z
Supervielle_ARG,"¡Cobrá con QR Supervielle! 

Te acercamos más opciones de cobro para que tus clientes paguen desde cualquier app o billetera virtual.

Generalo hoy desde Online Banking desde el “Menú”, ingresando a “Cobro con QR”.

Conocé más en 
supervielle.com.ar
#HumanBanking",0,0,0,459,2023-12-26T22:36:00.000Z
Supervielle_ARG,"El lunes 25 de diciembre nuestras sucursales permanecerán cerradas.

Podrás seguir operando a través de nuestros canales digitales y automáticos.

Consultá nuestros tutoriales en 
supervielle.com.ar/tutoriales
#HumanBanking",1,0,0,478,2023-12-24T21:00:01.000Z
Supervielle_ARG,"¡Aprovechá el verano a pleno con estos beneficios en Mar del Plata!
Martes: Supermercados.
Miércoles y jueves: PedidosYa.
De jueves a domingos: Tío Curzio y la Fonte de Oro, Restaurantes y bares adheridos.
Viernes, duplicá con 
@MODO_Arg
 en restaurantes y bares adheridos.",0,0,2,597,2023-12-22T21:22:48.000Z
Supervielle_ARG,"Todos los días: 
Cabify.  
Havanna y Café Martínez.  
Mostaza.  
@Balneario12
.  

Conocé más en 
supervielle.com.ar/personas/benef
… 
#HumanBanking",0,0,0,374,2023-12-22T21:22:49.000Z
Supervielle_ARG,"En diciembre, comprás, ahorrás y ayudás, ¡todo al mismo tiempo!

Por cada compra que realices en supermercados y abones con tus Tarjetas Supervielle, donaremos un porcentaje a las fundaciones Pilares y Banco de Alimentos.

Conocé más en 
supervielle.com.ar/personas/benef
…
#HumanBanking",0,0,3,468,2023-12-20T23:00:00.000Z
Supervielle_ARG,"El viernes 8 de diciembre nuestras sucursales permanecerán cerradas.

Podrás seguir operando a través de nuestros canales digitales y automáticos.

Consultá nuestros tutoriales en 
supervielle.com.ar/tutoriales
#HumanBanking",0,0,0,366,2023-12-07T20:54:00.000Z
Supervielle_ARG,"¡No esperes a sufrir un accidente o imprevisto!

Con nuestros Seguros te respaldamos ante un posible siniestro, emergencias o eventualidades.

Con tu seguro de auto tenés la PRIMERA CUOTA 100% bonificada.",1,0,1,760,2023-12-06T22:51:22.000Z
Supervielle_ARG,"Con tu seguro de hogar contra incendios y responsabilidad civil, tenés los PRIMEROS 6 MESES* 100% bonificados.
Con tu seguro de celular protegido contra robo, tenés los PRIMEROS 6 MESES* (cubre 1 evento por año) 100% bonificados.",0,0,1,368,2023-12-06T22:51:22.000Z
Supervielle_ARG,"Con tu seguro de tecnología protegida contra robo, tenés los PRIMEROS 6 MESES* 100% bonificados.

Contratalo ahora desde la App Supervielle u Online Banking.

*para seguros dados de alta hasta el 31/12

Conocé más en 
supervielle.com.ar
#HumanBanking",0,0,0,353,2023-12-06T22:51:23.000Z
Supervielle_ARG,"El Token es un método de seguridad que genera códigos aleatorios que cambian cada pocos segundos

Es importante porque será necesario para confirmar tus transacciones y sin este no podrás operar.

Conocé el paso a paso para activarlo en 
supervielle.com.ar
#HumanBanking",0,0,0,449,2023-12-06T19:26:55.000Z
Supervielle_ARG,"Por H o por B tenemos tenemos soluciones en pagos bien simples para tu negocio.

Pagá las cuentas de tu comercio o PyME.
Proveedores
Haberes

En Supervielle queremos ayudarte a que el día a día de tu negocio sea más fácil.

Conocé más en 
supervielle.com.ar/negocios/home-
…
#HumanBanking",1,0,2,440,2023-12-05T22:26:00.000Z
Supervielle_ARG,"¡los beneficios de Supervielle son mejores con 
@MODO_Arg
! 

 Del 4 al 10 de diciembre, tenés un 20% de ahorro en cada compra que realices pagando con tus Tarjetas Supervielle o transferencia EN CUALQUIER QR desde la App Supervielle.",0,0,3,950,2023-12-04T15:14:35.000Z
Supervielle_ARG,"Además, si sos cliente Identité o tenés Plan Sueldo, ¡podés ahorrar un 10% adicional!

Conocé más en 
modo.com.ar/promos-banco?i
…
#HumanBanking",0,0,0,345,2023-12-04T15:14:36.000Z
Supervielle_ARG,"Pagar con MODO desde la App Supervielle, ¡te conviene!
Activalo y comenzá a ahorrar.
Del 1 al 31/12, disfrutá un 100% de ahorro en tu primera compra online o presencia, pagando con 
@MODO_Arg
 desde la App Supervielle.

Conocé más en 
supervielle.com.ar
#HumanBanking",0,0,3,515,2023-12-01T20:28:12.000Z
Supervielle_ARG,"Date el gusto en Mostaza

De jueves a domingo, ahorrá un 20% pagando con tus Tarjetas Supervielle de débito.
Si sos cliente Identité, tenés hasta un 25% de ahorro, pagando con tus Tarjetas Supervielle Identité de crédito.",1,0,9,750,2023-11-29T20:36:37.000Z
Supervielle_ARG,"Si tenés Plan Sueldo, podés ahorrar hasta un 25%, pagando con tus Tarjetas Supervielle Plan Sueldo de crédito.

Conocé más en 
supervielle.com.ar/personas/benef
…
#HumanBanking",0,0,1,378,2023-11-29T20:36:38.000Z
Supervielle_ARG,"#VeranoSupervielle te trae beneficios para que disfrutes como nunca tus vacaciones en el parador Balneario 12, Mar del Plata

Conocé más en 
supervielle.com.ar
#HumanBanking #MarDelPlata",0,0,9,879,2023-11-24T23:00:02.000Z
Supervielle_ARG,"Activá 
@MODO_Arg
, porque ¡los beneficios de Supervielle son mejores con MODO! 

Del 24 al 30 de noviembre, tenés hasta un 20% de ahorro, pagando con tus Tarjetas Supervielle en un QR de MODO desde la App Supervielle.

Conocé más en 
modo.com.ar/promos-banco?i
…
#HumanBanking",0,0,1,600,2023-11-23T22:01:00.000Z
Supervielle_ARG,"¡Renová tu outfit con estos beneficios en indumentaria!

Del 23 al 25 de noviembre, pagando en un QR de  
@MODO_Arg
 desde la App Supervielle, disfrutá en marcas seleccionadas:",0,0,3,756,2023-11-23T15:32:44.000Z
Supervielle_ARG,"El viernes 10 de noviembre, de 10 a 18hs, llega el ""Viernes de financiación Supervielle"" en KAVAK. 

 Haremos que tu sueño automovilístico sea más accesible que nunca:

 Financiación de hasta el 70% del valor del vehículo.
 Hasta 48 cuotas fijas.
 Aprobación automática.",1,0,7,978,2023-11-08T15:22:32.000Z
Supervielle_ARG,"¡Nos vemos en DOT!  
 Fecha: 10 de noviembre  
 Horario: 10 a 18hs  
Vedia 3600, CABA, Estacionamiento 3er subsuelo   

Conocé más en 
supervielle.com.ar 
#HumanBanking",1,0,0,528,2023-11-08T15:22:32.000Z
Supervielle_ARG,"La Ingeniería Social es una técnica que se utiliza para engañar y manipular a las personas para la obtención de información confidencial.

Es importante conocer sus técnicas y métodos para poder protegernos de los ataques.
 
Conocé más en 
supervielle.com.ar
#HumanBanking",0,1,2,551,2023-11-08T15:00:01.000Z
Supervielle_ARG,"¡La farmacia se paga con MODO!

Si sos cliente previsional, los martes de noviembre, ahorrá hasta $3.000 en farmacias, pagando con tu Tarjeta Supervielle de débito en un QR de 
@MODO_Arg
 desde la App Supervielle.

Conocé más 
modo.com.ar/promos-banco?i
…
#HumanBanking",1,0,3,644,2023-11-07T13:00:01.000Z
Supervielle_ARG,"¡Con este beneficio sonreís más! 

El 6 y 7 de noviembre, podés disfrutar de un 20% de ahorro en la compra de millas de Smiles, pagando con tus Tarjetas Supervielle de crédito. Tope $5000.

¿Ya pensaste a dónde querés volar?  ",0,0,5,1000,2023-11-06T15:52:02.000Z
Supervielle_ARG,"Si sos cliente Identité, disfrutá de un 30% de ahorro en la compra de millas de Smiles, pagando con tus Tarjetas Supervielle Identité de crédito.

Además, si comprás 15 mil millas o más  ¡te llevás un bonus de 230% en millas!

Conocé más en 
smiles.com.ar
#HumanBanking",0,0,1,516,2023-11-06T15:52:02.000Z
Supervielle_ARG,"¡Hoy es nuestro día! 
¿Y qué mejor forma de festejarlo que darle el lugar que se merecen a todas las personas que cada día hacen a nuestra profesión?
En este #DiaDelBancario, celebramos a todas las personas que ejercen este rol.

¡Gracias por su compromiso y gran trabajo! ",2,0,2,671,2023-11-06T13:00:01.000Z
Supervielle_ARG,"Por el día del Bancario, el lunes 6 de noviembre nuestras sucursales permanecerán cerradas.

Podrás seguir operando a través de nuestros canales digitales y automáticos.

Consultá nuestros tutoriales en 
supervielle.com.ar/tutoriales
#HumanBanking",2,0,3,809,2023-11-03T22:00:00.000Z
Supervielle_ARG,"Por H o por B, todo es más fácil desde App Supervielle

Conocé más en 
supervielle.com.ar/personas/servi
…

#HumanBanking",0,0,1,582,2023-11-01T14:56:32.000Z
Supervielle_ARG,"¿Querés beneficios exclusivos en tus pedidos?
 Suscribite a PedidosYa+ que te bonificamos los primeros tres meses.

Conocé más en  
supervielle.com.ar/personas/benef
…
#HumanBanking",0,0,0,728,2023-10-27T20:00:01.000Z
Supervielle_ARG,"Por H o por B tenemos tenemos soluciones en cobros y pagos bien simples para tu negocio y que el día a día de tu negocio sea más fácil.

Cobrá más fácil con:
Cobros con QR
Cobranza Ágil
Acreditación de cupones
Y más.

Conocé más en 
supervielle.com.ar/negocios/home-
…
#HumanBanking",1,0,0,686,2023-10-27T15:00:02.000Z
Supervielle_ARG,"¡Llená el changuito con este beneficio! 
Todos los viernes de octubre, comprando en ChangoMás tenés un 30% de ahorro pagando con tus Tarjetas Supervielle en un QR de 
@MODO_Arg
 desde la App Supervielle. 

Conocé más en 
supervielle.com.ar/personas/benef
…
#HumanBanking",1,0,0,630,2023-10-12T18:08:00.000Z
Supervielle_ARG,"Llega el ""Viernes de financiación Supervielle"" en @kavak_ar
 Financiación de hasta el 70% del valor del vehículo.
 Hasta 48 cuotas.
 Aprobación automática.
@Dot_Baires
 12 de octubre, 10 a 18hs
Vedia 3600, CABA

Conocé más 
supervielle.com.ar
#HumanBanking",1,0,5,944,2023-10-11T22:18:55.000Z
Supervielle_ARG,"¡Lo que estás buscando para mamá lo encontrás en 
@Palmares_Mall
!

  Del 11 al 15 de octubre, ¡ahorrá en el regalo del día de la madre en marcas adheridas!",1,0,2,650,2023-10-11T14:40:54.000Z
Supervielle_ARG,"Pagando con tus Tarjetas Supervielle en un QR de
@MODO_Arg
 desde la App Supervielle, tenés: 

Hasta un 50% de ahorro. 
Hasta un 55% de ahorro, si sos cliente Identité. 
Hasta un 60% de ahorro, con Plan Sueldo.",0,0,2,512,2023-10-11T14:40:55.000Z
Supervielle_ARG,"Si elegís pagar con tus Tarjetas Supervielle de crédito en un QR de 
@MODO_arg
 desde App Supervielle, tenés hasta 3 cuotas sin interés.  

 Conocé más en 
supervielle.com.ar/landings/dia-d
…
#HumanBanking #DiaDeLaMadre",0,0,0,502,2023-10-11T14:40:55.000Z
Supervielle_ARG,"En su día, ¡sorprendé a mamá a tu 
@MODO_Arg
!

Del 11 al 15 de octubre, vas a poder disfrutar estos beneficios en shoppings adheridos:",0,0,1,796,2023-10-10T22:10:37.000Z
Supervielle_ARG,"Pagando en un QR de 
@MODO_Arg
 desde la App Supervielle, tenés:
Hasta un 45% de ahorro, con tus Tarjetas Supervielle.
Hasta un 50% de ahorro, con tus Tarjetas Supervielle Identité.
Hasta un 55% de ahorro, con tus Tarjetas Supervielle Plan Sueldo.",0,0,2,642,2023-10-10T22:10:37.000Z
Supervielle_ARG,"Si elegís pagar con tus Tarjetas Supervielle de crédito en un QR de MODO desde App Supervielle, tenés hasta 3 cuotas sin interés.

 Conocé más en 
supervielle.com.ar/landings/dia-d
…
#HumanBanking",0,0,2,658,2023-10-10T22:10:37.000Z
Supervielle_ARG,"¡Está llegando un beneficio imperdible para ella! 

Conocé más en 
supervielle.com.ar
#HumanBanking",0,0,9,1000,2023-10-09T22:01:00.000Z
Supervielle_ARG,"En Supervielle, nos solidarizamos con las víctimas de los recientes atentados en Israel y sus familias y hacemos votos por la paz entre Palestinos e Israelíes.",4,0,3,1000,2023-10-09T14:41:35.000Z
Supervielle_ARG,"Los viernes de octubre se disfrutan con beneficios en Gastronomía
Hasta un 20% de ahorro, pagando con tus Tarjetas Supervielle en un QR de 
@MODO_Arg
.
Hasta un 30% de ahorro, pagando con tus Tarjetas Supervielle Identité en un QR de MODO.

Conocé más 
supervielle.com.ar",0,0,2,869,2023-10-06T22:00:02.000Z
Supervielle_ARG,"Si todavía no modeás, estás dejando pasar la oportunidad de disfrutar de muchos beneficios.
Activá 
@MODO_Arg
, porque ¡los beneficios de Supervielle son mejores con MODO! 

Conocé más en 
modo.com.ar/promos-banco?i
…
#HumanBanking",1,0,3,727,2023-10-05T22:25:00.000Z
Supervielle_ARG,"Llega el ""Viernes de financiación Supervielle"" en @kavak_ar
 Financiación de hasta el 70% del valor del vehículo.
 Hasta 48 cuotas.
 Aprobación automática.
@Dot_Baires
 6 de octubre, 10 a 18hs
Vedia 3600, CABA
Conocé más 
supervielle.com.ar
#HumanBanking",0,0,7,1000,2023-10-03T20:00:00.000Z
Supervielle_ARG,"¡Ahorrá con #CompreSinIVA!
Si sos beneficiario del Programa, aboná con 
@MODO_Arg
 desde App Supervielle o App Supervielle Jubilados usando tu Tarjeta Supervielle de débito y obtené un reembolso del 21% en de tus compras.

Conocé más en 
supervielle.com.ar
#HumanBanking",0,0,8,804,2023-10-03T13:22:52.000Z
Supervielle_ARG,"En estas elecciones, se celebra algo más que las elecciones presidenciales.
Porque además celebramos 40 años de democracia.
Y no hay mejor manera de hacerlo, que cumpliendo con nuestro derecho y deber de votar.
#VamosAVotar #Supervielle #HumanBanking",1,0,5,1000,2023-10-02T13:00:00.000Z
Supervielle_ARG,"Por H o por B, todo es más fácil desde App Supervielle.

Conocé más en 
supervielle.com.ar/personas/servi
…
#HumanBanking",0,0,1,632,2023-09-27T15:00:01.000Z
Supervielle_ARG,"¡Disfrutá este beneficio pensado para vos!

Los miércoles y jueves pagando con tus Tarjetas Supervielle Identité de crédito, ¡podés ahorrar en Pedidos Ya! 

Conocé más en 
supervielle.com.ar/personas/benef
…
#HumanBanking",2,1,0,501,2023-09-26T20:00:01.000Z
Supervielle_ARG,"Si todavía no modeás, estás dejando pasar la oportunidad de disfrutar de muchos beneficios.
Activá 
@MODO_Arg
, porque ¡MODEAR es la que va! 

Conocé más en 
modo.com.ar/promos-banco?i
…
#HumanBanking",0,0,0,564,2023-09-23T20:00:00.000Z
Supervielle_ARG,"¡Feliz día de la Primavera! 

#HumanBanking",1,0,4,675,2023-09-21T13:00:02.000Z
Supervielle_ARG,"Disfrutá la temporada Primavera con estos beneficios y renová tu ropero

Del 21 al 23 de septiembre, disfrutá ahorrar en marcas seleccionadas, pagando con tus Tarjetas Supervielle en un QR de 
@MODO_Arg
 desde App Supervielle

Conocé más 
bit.ly/3PZyC5O
#HumanBanking",0,0,0,478,2023-09-20T20:00:00.000Z
Supervielle_ARG,"Videollamada 
bit.ly/3Mv2aTG 

App Supervielle: 
Android 
bit.ly/3HdOLhv
iOS 
apple.co/3aUrIMT

App Supervielle Jubilados
Android 
bit.ly/39jxdnP 
iOS 
apple.co/3mz3QRh",19,10,0,38000,2023-09-20T19:06:42.000Z
Supervielle_ARG,"¡Feliz día del Jubilado y de la Jubilada!
Este 20 de septiembre, si cobrás un beneficio previsional, disfrutá un 50% de ahorro pagando en un QR de 
@MODO_Arg
 desde la App Supervielle Jubilados con tus Tarjetas Supervielle.

Conocé más en 
supervielle.com.ar
#HumanBanking",1,1,2,610,2023-09-20T13:08:00.000Z
Supervielle_ARG,"¡Llegó el beneficio que te va a dejar con una sonrisa!  Si sos cliente Identité, hoy 19 y mañana 20 de septiembre,  disfrutá de un 30% de ahorro en la compra de millas de Smiles, pagando con tus Tarjetas Supervielle Identité de crédito.
Conocé más en 
smiles.com.ar",0,0,2,562,2023-09-19T14:24:00.000Z
Supervielle_ARG," Hoy te compartimos consejos para protegernos del VISHING, un tipo de estafa telefónica, a través de la cual los ciberdelincuentes suplantan la identidad de la empresa, organización o persona de confianza, con el fin de obtener información sensible ",0,0,5,808,2023-09-15T15:06:16.000Z
Supervielle_ARG,"¡Accedé a la preventa exclusiva de Paramount in Concert!
Hasta el 24 de septiembre tenés un 15% de ahorro en entradas con tu Tarjeta Supervielle de débito y un 25% de ahorro con tus Tarjetas Supervielle Identité de crédito.

Conocé más en 
supervielle.com.ar/personas/benef
…
#HumanBanking",0,0,0,472,2023-09-07T15:00:02.000Z
Supervielle_ARG,"Hoy nuestro equipo de ciberseguridad nos trae un nuevo tema para tener precaución: Google habilitó nuevos dominios que son similares a formatos de archivos.

Conocé más en 
supervielle.com.ar

#HumanBanking #Ciberseguridad",1,1,2,514,2023-09-06T15:40:59.000Z
Supervielle_ARG,"TIPS PARA DETECTAR SI TRATAN DE ESTAFARTE

Corroborá si la dirección contiene como separadores el símbolo de división o fracción “⁄”) en lugar del slash “/” .

Chequear si el dominio contiene operadores @ seguidos de archivos .ZIP - .MOV –",2,0,3,413,2023-09-06T15:41:00.000Z
Supervielle_ARG,"Evitar descargar archivos de direcciones URL enviadas por destinatarios desconocidos.

Deslizar el cursor sobre las direcciones URL antes de hacer clic para ver la ruta de la dirección URL ampliada.

Conocé más en 
supervielle.com.ar

#HumanBanking #PorHoPorB",1,0,3,399,2023-09-06T15:41:00.000Z
Supervielle_ARG,"¡Fuerza Bruta estrena AVEN! ⁣
Para que puedas disfrutar del show más feliz del mundo, te acercamos un beneficio imperdible.

Sala SINPISO - GEBA
Conocé más 
supervielle.com.ar/personas/benef
…
#HumanBanking",0,0,0,435,2023-09-06T15:00:02.000Z
Supervielle_ARG,"¡Ya tenés disponible tu Tarjeta Supervielle virtual Visa  de crédito!

Permite:
Compras en comercios y por internet.
Vinculación a 
@MODO_Arg
 o cualquier billetera virtual.
Operá como si la tuvieras en la mano.

Conocé más en 
supervielle.com.ar
#HumanBanking",1,0,2,626,2023-09-04T15:00:02.000Z
Supervielle_ARG,"¡Es momento de renovar ambientes con este descuento en pinturerías!

Aprovechá del 4 al 11 de septiembre, un 30% de ahorro y hasta 3 cuotas sin interés y dejá todos tus espacios como siempre quisiste. 

¿Cómo te pinta esta promo? ",0,0,1,742,2023-09-03T14:57:50.000Z
Supervielle_ARG,"Además, podés acumular un 10% de ahorro, pagando con tus Tarjetas Supervielle en un QR de MODO desde la App Supervielle, porque ¡los beneficios de Supervielle son mejores con 
@MODO_Arg
! 

Conocé más en 
bit.ly/3P1gdDD
#HumanBanking",0,0,0,355,2023-09-03T14:57:50.000Z
Supervielle_ARG,"Ahora, desde App Supervielle, podés ingresar dinero a tu caja de ahorros desde cuentas que tengas a tu nombre en otros bancos o billeteras virtuales.

Conocé más en 
supervielle.com.ar
#HumanBanking #PorHoPorB",0,0,5,876,2023-08-30T15:00:00.000Z
Supervielle_ARG,"¡Llega la 2da edición del Premio Supervielle Exporta!

Te invitamos a participar del concurso que te llevará junto a tu empresa a Barcelona Business Week 2024.

Conocé más en 
supervielle.com.ar/negocios/empre
…

#HumanBanking #AcompañamosALosQueHacen",0,0,6,809,2023-08-25T15:00:01.000Z
Supervielle_ARG,"Activá 
@MODO_Arg
, porque ¡los beneficios de Supervielle son mejores con MODO! 

Del 25 al 31 de agosto, tenés hasta un 20% de ahorro, pagando con tus Tarjetas Supervielle en un QR de MODO desde la App Supervielle.

Conocé más en 
modo.com.ar/promos-banco?i
…
#HumanBanking",0,0,4,716,2023-08-24T20:00:00.000Z
Supervielle_ARG," Hoy celebramos a quienes encuentran en los libros portales hacia mundos inexplorados

Si sos cliente del banco, te invitamos a participar del concurso literario “Grandes Autores, Relatos Cortos”

Conocé más en 
supervielle.com.ar/relatoscortos
#HumanBanking",0,0,2,627,2023-08-24T13:04:31.000Z
Supervielle_ARG,"¡Feliz día de las infancias!
#HumanBanking",0,0,4,1000,2023-08-20T12:59:00.000Z
Supervielle_ARG,"¡Los ahorros de Supervielle son mejores con 
@MODO_Arg
!
Activá MODO desde la App Supervielle y disfrutá de todos sus beneficios

Además ¡aprovechá $1000 de reintegro en tu primera compra online o presencial!

Conocé más en 
supervielle.com.ar
#HumanBanking",0,0,6,792,2023-08-19T15:00:03.000Z
Supervielle_ARG,"¡En el Día de las Infancias aprendemos que, con 
@MODO_Arg
, ahorrar se convierte en un juego de niños! 

Del 17 al 19 de agosto, disfrutá el descuento pensado para los más chicos en jugueterías e indumentaria infantil.

Conocé más en 
bit.ly/3KiuJ8j
#HumanBanking",0,0,1,584,2023-08-16T20:00:00.000Z
Supervielle_ARG,"¡Ahorrá pagando con MODO desde la App Supervielle!
Si todavía no modeás, estás dejando pasar la oportunidad de disfrutar de muchos beneficios.
Activá 
@MODO_Arg
, porque ¡los beneficios de Supervielle son mejores con MODO! 

Conocé más en 
modo.com.ar/promos-banco?i
…
#HumanBanking",0,0,1,511,2023-08-16T15:00:00.000Z
Supervielle_ARG,"¡Más opciones de cobro para tu negocio!

Te presentamos QR SUPERVILLE. Cobrá con acreditación inmediata en tu cuenta recaudadora generando tu QR Supervielle desde Online Banking Empresas.",0,0,1,603,2023-08-15T14:53:45.000Z
Supervielle_ARG,"Reducís el uso de efectivo.
Sin costos de emisión ni mantenimiento.
Los aranceles están bonificados por un plazo de hasta 3 meses.
Tus clientes te pagan desde el celular con la App Supervielle o cualquier App o billetera virtual.",0,0,1,430,2023-08-15T14:53:45.000Z
Supervielle_ARG,"¡GENERÁ TU QR SUPERVIELLE y empezá a probarlo!

Conocé más en  
supervielle.com.ar/negocios/empre
…
#Supervielle #HumanBanking",0,0,0,386,2023-08-15T14:53:46.000Z
Supervielle_ARG,"El 30 y 31 de agosto, se realizará la 10° Edición de la exposición de Economía, Finanzas e Inversiones más importante del país, y Supervielle estará presente.

¡Estate atento que estaremos compartiendo novedades! Y, si sos cliente Supervielle, tendrás beneficios

#HumanBanking",2,0,0,693,2023-08-14T15:00:01.000Z
Supervielle_ARG,"En Supervielle, tenemos pensado para vos un desafío sin fronteras.

 Todos los días, divertite en Euca Tigre con un 30% de ahorro con un tope de $2000, en Atrápalo, pagando con tu Tarjeta Supervielle de débito.

Conocé más en 
atrapalo.com.ar/entradas/euca-
…
#HumanBanking #PorHoPorB",0,0,0,668,2023-08-12T15:00:00.000Z
Supervielle_ARG,"¡Comprá tus boletos y planificá tu escapada para el próximo finde largo!

En Plataforma 10, disfrutá de 3 cuotas sin interés pagando con tus Tarjetas Supervielle de crédito.

Conocé más  
supervielle.com.ar
#HumanBanking",0,0,0,569,2023-08-11T01:54:36.000Z
Supervielle_ARG,"Si por H o por B, necesitás agilizar el endoso de tus eCheqs… En Supervielle, ¡ECheq suma las funciones de endoso masivo y aceptación masiva!

Conocé más en 
supervielle.com.ar/negocios/empre
…
#HumanBanking #PorHoPorB",0,0,1,594,2023-08-10T20:00:00.000Z
Supervielle_ARG,"Activá 
@MODO_Arg
 porque, con App Supervielle ¡modear es la que va!
No dejes pasar este beneficio exclusivo para clientes Supervielle: del 8 al 14 de agosto, tenés un 20% de ahorro pagando EN CUALQUIER QR desde la App Supervielle.
Conocé más 
modo.com.ar/promos-banco/2
…
#HumanBanking",0,0,6,788,2023-08-07T20:00:01.000Z
Supervielle_ARG,"En Supervielle siempre encontrás un buen plan: ¡Pichu vende humo…r!

 Todos los días tenés un 30% de ahorro con tope de $2000, en Atrápalo con tu Tarjeta Supervielle de débito.

Conocé más en
atrapalo.com.ar/entradas/pichu
…
#HumanBanking #PorHoPorB",0,0,0,644,2023-08-05T15:00:00.000Z
Supervielle_ARG," ¡Atención! Conocé y prevení el Skimming

El Skimming es una práctica ilegal que pone en riesgo tus datos bancarios. Consiste en instalar dispositivos indetectables en cajeros automáticos, los cuales registran en secreto los datos de tu cuenta cuando insertas tu tarjeta.",2,1,5,1000,2023-08-04T15:01:57.000Z
Supervielle_ARG,"Luego, los delincuentes utilizan esos datos para codificar una tarjeta en blanco y así vaciar tu cuenta bancaria sin que te des cuenta

Conocé más en 
supervielle.com.ar
#HumanBanking #Ciberseguridad",2,0,2,444,2023-08-04T15:01:57.000Z
Supervielle_ARG,"En Supervielle, siempre tenemos el plan perfecto: ¡Nacha en pijama!

 Todos los días, disfrutá de un 30% de ahorro con un tope de $2000, en Atrápalo, pagando con tu Tarjeta Supervielle de débito.

Conocé más en 
atrapalo.com.ar/entradas/nacha
…
#HumanBanking #PorHoPorB",0,0,1,687,2023-08-03T15:00:02.000Z
Supervielle_ARG,"¡Por H o Por B tenemos esta novedad para tu empresa! 
¡Hacete cliente de Supervielle y recibí un préstamo de hasta $10 millones de pesos!
100% online, 100% fácil.
#Supervielle. Muy Human. Muy Banking.",0,0,4,1000,2023-07-31T15:24:21.000Z
Supervielle_ARG,"Te acercamos los pasos para que puedas usar 
@MODO_Arg
 desde tu celu con la App Supervielle

Ingresá a nuestra App.
Seleccioná lo que precises: pagar desde un QR, enviar o pedir dinero.
Confirmá la operación.

Conocé más en 
supervielle.com.ar
#HumanBanking",0,0,0,711,2023-07-29T15:00:00.000Z
Supervielle_ARG,"Por H o por B los que fueron al cine el sábado 1 de julio durante la tarde/noche y el domingo 2 de julio por la tarde y eligieron sentarse en las filas H o B fueron premiados!
Te invitamos a conocer la acción que realizamos junto a Cinema Devoto y Cineapolis Pilar.
#PorHoPorB",1,0,1,1000,2023-07-21T16:38:07.000Z
Supervielle_ARG,"En este día de la Amistad, vos encargate de planificar la juntada, que del beneficio nos encargamos nosotros.

Aprovechá un 20% de ahorro pagando con tus Tarjetas Supervielle en Bares, Restaurantes y deliverys adheridos.

Conocé más en 
supervielle.com.ar/personas/benef
…
#HumanBanking",0,0,1,666,2023-07-20T15:00:00.000Z
Supervielle_ARG,"¡Se vienen días de descuentos imperdibles en indumentaria!⁣
 
Del 20 al 22 de julio, disfrutá los beneficios para renovar tu guardarropas, pagando con tus Tarjetas Supervielle en un QR de 
@MODO_Arg
 desde App Supervielle.

Conocé más en 
supervielle.com.ar/personas/benef
…
#HumanBanking",0,0,3,637,2023-07-19T15:00:00.000Z
Supervielle_ARG,"Hacé volar tu imaginación y deslumbrá al mundo!

Si tenés más de 18 años y sos cliente del Banco Supervielle, te invitamos a participar en la 9na edición del concurso literario ""Grandes Autores, Relatos Cortos""

¡Demostrá tu creatividad y tu estilo único!",1,1,1,978,2023-07-18T14:50:42.000Z
Supervielle_ARG,"Tenés tiempo para presentar tu obra hasta el 31 de agosto, enviando tu relato a grandesautores@supervielle.com.ar.

Conocé más sobre cómo participar, las bases y condiciones del concurso, el premio de hasta $270.000 y ¡mucho más! 
supervielle.com.ar/relatoscortos
#HumanBanking",0,0,1,494,2023-07-18T14:50:43.000Z
Supervielle_ARG,"⁣¡Fuerza Bruta estrena AVEN!⁣
En estas vacaciones de invierno,disfrutá del show más feliz del mundo, ahorrando un 15% con tu Tarjeta Supervielle de Débito, en entradas y consumiciones
Conocé más en 
bit.ly/3PNBXoo
#HumanBanking",0,0,3,766,2023-07-17T19:00:01.000Z
Supervielle_ARG," ¡Hoy es el Día del Emoji! 
 ¿Quién necesita palabras cuando hay emojis?  ¡Hoy vamos a comunicarnos en el idioma más universal y divertido de todos! 

¿Cuál es el emoji que te representa?
#HumanBanking #PorHoPorB ",1,0,3,846,2023-07-17T13:00:00.000Z
Supervielle_ARG,"¡Llegó Dinosaurios, una aventura jurásica!Y con Supervielle podés disfrutar de este espectáculo.

En julio, tenés un 15% de ahorro en entradas pagando con tu Tarjeta Supervielle Visa de Débito.

Teatro Broadway
Entradas a la venta en  
ticketek.com.ar/dinosaurios/te
…
#HumanBanking",0,0,0,546,2023-07-15T15:00:00.000Z
Supervielle_ARG," ¡Ahora podés recargar tu celular Claro, fácil y rápido!
Todos los lunes y viernes de julio, podés triplicar el monto desde App Supervielle u Online Banking.

Conocé más en 
supervielle.com.ar/personas/servi
…
#HumanBanking #PorHoPorB",0,0,2,594,2023-07-14T15:00:00.000Z
Supervielle_ARG,"Si por H o por B, en tu empresa necesitás gestionar y automatizar todos tus pagos con Transferencias, con una sola clave de autorización…
En Supervielle, te contamos cuál es la solución perfecta: Transferencias Masivas.

Conocé más en 
supervielle.com.ar/negocios/empre
…
#HumanBanking",0,0,0,585,2023-07-13T17:46:09.000Z
Supervielle_ARG,"¡Se vienen las vacaciones de invierno! Y con Supervielle siempre encontrás un buen plan:
Todos los días tenés un 30% de ahorro con tope de $2000, en Atrápalo Entretenimiento con tu Tarjeta Supervielle de débito.

Conocé más en 
supervielle.com.ar/personas/benef
…
#HumanBanking #PorHoPorB",1,0,1,736,2023-07-12T15:00:05.000Z
Supervielle_ARG,"Ante la pérdida de tu tarjeta, podés pausarla hasta encontrarla o hasta realizar la denuncia por robo o extravío.
Durante la pausa, los débitos automáticos continúan activos para que no afecte tus pagos programados y no tengas que preocuparte por interrupciones en tus servicios",1,0,1,632,2023-07-03T14:55:55.000Z
Supervielle_ARG,"Podés utilizar esta nueva función desde App Supervielle u Online Banking

Conocé más en 
supervielle.com.ar

#HumanBanking #PorHoPorB",0,0,1,593,2023-07-03T14:55:56.000Z
Supervielle_ARG,"Si por H o por B, querés hacer crecer tu aguinaldo, ¡potencialo desde App Supervielle u Online Banking!

Te acercamos los pasos para que todos los días, a toda hora, puedas hacer crecer tu dinero con solo dos clics
Conocé más en 
supervielle.com.ar
#HumanBanking #PorHoPorB",1,2,13,1000,2023-06-29T15:00:01.000Z
Supervielle_ARG,"La Ingeniería Social es una técnica que se utiliza para engañar a las personas para la obtención de información confidencial.
Nuestro equipo de ciberseguridad nos cuenta qué hacer ante un caso de ingeniería social.⁣

Conocé más en 
supervielle.com.ar
#HumanBanking",0,1,2,1000,2023-06-28T15:00:02.000Z
Supervielle_ARG,"Si por H o por B, tenés una consulta… ¡Te ayudamos! 
Conocé cómo resolver tus dudas desde la App Supervielle en 3 sencillos pasos.

 Conocé más en 
supervielle.com.ar
#HumanBanking #PorHoPorB",0,0,6,1000,2023-06-26T15:00:00.000Z
Supervielle_ARG,"¿Ya usás CLUB SUPERVIELLE?
Club Supervielle es el programa que te premia por usar tus Tarjetas Supervielle, en donde podés canjear tus puntos por premios y vouchers en las marcas que más te gustan

Conocé más en 
supervielle.com.ar
#HumanBanking #ClubSupervielle",0,0,1,1000,2023-06-25T15:00:02.000Z
Supervielle_ARG,"Hoy te contamos cómo extraer tu dinero desde la App Supervielle, ¡en 5 sencillos pasos!
⁣
Conocé más en 
supervielle.com.ar
#HumanBanking",1,0,4,1000,2023-06-23T20:00:00.000Z
Supervielle_ARG,"Si todavía no modeás, estás dejando pasar la oportunidad de disfrutar de muchos beneficios.
Activá 
@MODO_Arg
, porque ¡MODEAR es la que va! 

Conocé más en 
modo.com.ar/promos-banco?i
…
#HumanBanking #PorHoPorB",0,0,1,1000,2023-06-23T15:00:00.000Z
Supervielle_ARG,"¿Qué proponemos para tu empresa?
 Que puedas identificar cuánto plástico generás y cuáles son los aliados que precisás.
Que puedas medir el impacto que generás.
 Que puedas expandirte: comunicar y contagiar lo que ya se hizo. 

#Expofranquicias #Supervielle #HumanBanking",1,0,0,468,2023-06-09T19:04:49.000Z
Supervielle_ARG,"¡Comprá tus boletos y empezá a planificar tu escapada para el próximo finde largo!

En Plataforma 10, disfrutá de 3 cuotas sin interés en la compra de pasajes pagando con tus Tarjetas Supervielle de crédito.

Conocé más en 
supervielle.com.ar/personas/benef
…
#HumanBanking",1,0,0,511,2023-06-09T13:00:02.000Z
Supervielle_ARG,"¡No dejes de pasar la oportunidad de celebrar a papá en su día!
El 10 y 11 de junio ahorrá en marcas adheridas de shoppings participantes y del 9 al 11 de junio hacelo en Grimoldi y Hush Puppies.

Conocé más en 
supervielle.com.ar/personas/benef
…
#HumanBanking #PorHoPorB #DiaDelPadre",0,0,1,729,2023-06-08T20:00:01.000Z
Supervielle_ARG,"Si ""te llaman del banco"" y te piden que te descargues una app... 

 NO SOMOS NOSOTROS

 NUNCA vamos a llamarte y pedirte que descargues una aplicación para poder asistirte.",0,0,1,583,2023-06-07T19:56:32.000Z
Supervielle_ARG,"NUNCA vamos a pedirte:

Claves de acceso.
Códigos de seguridad.
Clave Token.
Claves SMS.

Por ningún medio (redes sociales, mensajes o llamadas).

¡No compartas datos personales! ",0,0,1,454,2023-06-07T19:56:32.000Z
Supervielle_ARG," Si tenés sospechas de haber sufrido una estafa virtual, comunícate de inmediato al  1168423330. Esta es una línea exclusiva para denuncias a la que podrás llamar todos los días, las 24hs.

Conocé más en 
supervielle.com.ar 

#Ciberseguridad #HumanBanking",0,0,1,417,2023-06-07T19:56:33.000Z
Supervielle_ARG,"Si por H o por B querés invertir tu dinero desde el lugar en donde estés...

Te acercamos los pasos para que todos los días hábiles, a toda hora, puedas hacerlo en solo unos clics, desde tu App Supervielle
¡Invertí ya!

Conocé más en 
supervielle.com.ar
#HumanBanking",1,1,1,591,2023-06-07T15:00:03.000Z
Supervielle_ARG,"¡Atención a los amantes del buen comer y las compras inteligentes!
Ahorrá todos los martes un 20% en Coto y, de jueves a domingos, en Mostaza, pagando con tu Tarjeta Supervielle de débito.
¡Aprovechá este HIT de promo!

Conocé más en 
supervielle.com.ar/personas/benef
…
#HumanBanking",0,0,2,668,2023-06-06T21:00:01.000Z
Supervielle_ARG,"Bodega Los Haroldos logra más eficiencia al incorporar una máquina con un Leasing del Banco Supervielle.

Acá te contamos su historia de crecimiento.

+ Leasing
+ Trabajo
+ Inversión",10,4,0,1000,2023-06-06T18:47:32.000Z
Supervielle_ARG,"En el Día del Ambiente, reflexionemos sobre nuestra relación con la Tierra y cómo podemos reducir nuestra huella de carbono. Cada pequeña acción cuenta, así que ¡hagamos la diferencia!
 Conocé más en 
supervielle.com.ar
#HumanBanking",1,1,3,712,2023-06-05T13:00:00.000Z
Supervielle_ARG,"Si todavía no modeás, estás dejando pasar la oportunidad de disfrutar de muchos beneficios.
Activá 
@MODO_Arg
, porque ¡MODEAR es la que va! 

Conocé más en 
modo.com.ar/promos-banco?i
…
#HumanBanking",0,0,3,661,2023-05-23T15:00:02.000Z
Supervielle_ARG,"¡Activá tu Token de Seguridad para cuidar tu identidad y prevenir estafas!
Abrí la App Supervielle.
Presioná el menú y seleccioná “Token”.
Validá tu identidad.
Ingresá el código por SMS.
¡Listo! Ya podés usar tu Token.

Conocé más en 
supervielle.com.ar
#HumanBanking",1,0,4,726,2023-05-22T15:00:03.000Z
Supervielle_ARG,"¿Tenés alguna consulta? ¡Te ayudamos! 
Conocé cómo hacer una videollamada desde la App Supervielle o desde tu Online Banking:⁣
⁣
 Abrí la App Supervielle.
 Presioná el menú y seleccioná la opción “Atención virtual”.
 Seguí los pasos y ¡listo!

#HumanBanking",0,0,2,614,2023-05-19T20:00:00.000Z
Supervielle_ARG,"¡Llená el changuito con este beneficio! 
Todos los viernes de mayo, comprando en ChangoMás tenés un 30% de ahorro pagando con tus Tarjetas Supervielle en un QR de 
@MODO_Arg
 desde la App Supervielle. 

Conocé más en 
supervielle.com.ar/personas/benef
…
#HumanBanking",0,0,1,712,2023-05-18T20:00:01.000Z
Supervielle_ARG,"No pierdas la oportunidad de ahorrar en tus prendas favoritas¡El 18 y 19 de mayo, comprá en los locales de Grimoldi y Hush Puppies y disfrutá del beneficio que tenemos para vos!  ¿Lo vas a aprovechar?  Conocé más en 
supervielle.com.ar/personas/benef
…… #HumanBanking",0,0,0,490,2023-05-18T15:14:45.000Z
Supervielle_ARG,"Nuestro equipo de ciberseguridad nos quiere hablar de un riesgo importante en la era digital: la ingeniería social.
⁣
Es importante conocer sus técnicas y métodos para poder protegernos de los ataques. 

Conocé más en 
supervielle.com.ar
#HumanBanking #Ciberseguridad",0,0,1,539,2023-05-17T21:10:12.000Z
Supervielle_ARG,"¡Hoy celebramos el Día del Reciclaje! 
 El Día del Reciclaje nos recuerda que cada acción cuenta y que podemos marcar la diferencia, a la hora de cuidar nuestro planeta y promover prácticas sostenibles.

Conocé más en 
supervielle.com.ar
#HumanBanking",0,1,1,557,2023-05-17T15:05:55.000Z
Supervielle_ARG,"Te presentamos ""Por H o por B"" nuestra nueva propuesta para Pymes.
Por H o por B, vos querés un banco con toda la fuerza del banking y el corazón de lo human #Supervielle. Muy Human. Muy Banking.

¡Te invitamos a conocer nuestra propuesta!
#HumanBanking #PorHoPorB",3,0,0,525,2023-05-03T16:03:44.000Z
Supervielle_ARG,"Si por H o por B te surge una necesidad, tenemos una H y una B para satisfacerla, nuestro Human Banking.
Siempre necesitás un banco tan tecnológico como humano.
#Supervielle. Muy Human. Muy Banking.
#HumanBanking #PorHoPorB",0,0,7,634,2023-05-02T15:33:05.000Z
Supervielle_ARG,"¡Es momento de celebrar!
20% de ahorro en Puppis y Casper, pagando con tus Tarjetas Supervielle.
Viernes: 10% de ahorro adicional en Puppis pagando con tus Tarjetas Supervielle en un QR de MODO desde la App Supervielle.

Más info en 
bit.ly/3VgZQ8T
#HumanBanking",0,0,1,566,2023-04-29T13:00:02.000Z
Supervielle_ARG,"El lunes 1° de mayo nuestras sucursales permanecerán cerradas.

Podrás seguir operando a través de nuestros canales digitales y automáticos.

Consultá nuestros tutoriales en 
supervielle.com.ar/tutoriales
#HumanBanking",0,0,3,501,2023-04-28T20:00:01.000Z
Supervielle_ARG,"¡CLUB SUPERVIELLE TIENE NOVEDADES PARA VOS!
A partir del 1º de Mayo de 2023, Club Supervielle cambia su forma de sumar puntos. Pero para vos nada cambia, porque no perdés tu valor dentro del programa

Conocé más en 
supervielle.com.ar
#HumanBanking #ClubSupervielle",0,1,2,616,2023-04-28T15:00:03.000Z
Supervielle_ARG,"¡ATENCIÓN! Te compartimos 5 mitos de ciberseguridad para que los tengas presentes y operes de manera segura.

 Si creés que fuiste víctima de una estafa virtual, comunicate al 1168423330. ¡Estamos disponibles las 24hs!
Conocé más en 
supervielle.com.ar
#HumanBanking",0,0,2,515,2023-04-27T20:00:00.000Z
Supervielle_ARG," Todos los miércoles de abril, comprando en Cúspide tenés un 20% de ahorro pagando con MODO y tu tarjeta Supervielle de crédito desde la App Supervielle en un QR de MODO.

Conocé más en 
supervielle.com.ar/personas/benef
…
#HumanBanking",2,0,0,558,2023-04-25T13:01:54.000Z
Supervielle_ARG,"Celebrá estas pascuas ahorrando con tus Tarjetas Supervielle en las mejores chocolaterías.
Conocé las marcas adheridas ingresando acá 
supervielle.com.ar/personas/benef
…
#HumanBanking",0,0,2,557,2023-04-04T21:00:01.000Z
Supervielle_ARG,"Si sufriste un robo o usás WhatsApp Web, podés ser víctima de una estafa virtual.

No compartas tu código de verificación.
Activá la verificación en dos pasos.
¡Seguí las recomendaciones de seguridad!

Conocé más en 
supervielle.com.ar
#Ciberseguridad #HumanBanking",1,2,5,742,2023-03-31T15:00:04.000Z
Supervielle_ARG,"¡MODEAR es la que va! 
Te acercamos los pasos para activar 
@MODO_Arg
 y que puedas disfrutar de todos sus beneficios, siempre.

#HumanBanking #MODO",0,0,3,630,2023-03-30T15:00:00.000Z
Supervielle_ARG,"Este viernes 24 de marzo, nuestras sucursales permanecerán cerradas.

Podrás seguir operando a través de nuestros canales digitales y automáticos.

Conocé más en 
supervielle.com.ar 
#HumanBanking",1,0,4,574,2023-03-23T21:00:00.000Z
Supervielle_ARG,"Te mostramos cómo reconocer una estafa que llega por WhatsApp ¡que no te engañen!
 
 Si tenés sospechas de haber caído en una estafa virtual comunicate, de inmediato, al 1168423330.
 
#HumanBanking #Ciberseguridad",2,2,7,840,2023-03-23T20:35:07.000Z
Supervielle_ARG,"Disfrutá el mejor entretenimiento  aprovechando 50% de ahorro por 3 meses en tu suscripción a HBO Max(*) pagando con tu Tarjeta Supervielle Mastercard de Crédito
bit.ly/3ngw2wd

(*) Válido para nuevos suscriptores.

#HumanBanking",1,0,1,722,2023-03-23T14:48:38.000Z
Supervielle_ARG,"¡Cuidado con los sitios falsos! 

Siempre asegurate de estar navegando en 
personas.supervielle.com.ar
Revisá que la cuenta sea un perfil verificado

Conocé más en 
supervielle.com.ar
#Ciberseguridad #HumanBanking",2,0,1,485,2023-03-22T21:00:00.000Z
Supervielle_ARG,"¡Ya tenés disponible tu Tarjeta virtual Visa de débito!
Encontrala en el carrusel de tarjetas de tu App Supervielle  para: 
Compras en comercios.
Compras por internet.
Extracciones sin tarjeta.
Vinculación a MODO o cualquier otra billetera virtual. 

#Supervielle #HumanBanking",2,2,8,1000,2023-02-27T16:00:00.000Z
Supervielle_ARG,"Debido a los hechos de público conocimiento, este jueves 23 de febrero, la atención en sucursales podría verse afectada. 
 
 Podrás seguir operando a través de nuestros canales digitales y automáticos.

Conocé más en 
supervielle.com.ar 
#HumanBanking",2,0,4,750,2023-02-23T11:00:00.000Z
Supervielle_ARG,"¡Te invitamos a disfrutar de la fiesta de la Vendimia! 
De jueves a domingos ahorrá en restaurantes adheridos con tus Tarjetas Supervielle de crédito:
Cartera General: 20% de ahorro.
Identité: 30% de ahorro.

Conocé más en 
supervielle.com.ar/landings/vendi
…
#HumanBanking",2,0,0,524,2023-02-22T16:00:02.000Z
Supervielle_ARG,"¡Ahora, pagando con tu Tarjeta Supervielle de débito, podés obtener beneficios en PedidosYa! 

Conocé más en 
supervielle.com.ar

#HumanBanking",2,0,1,652,2023-02-21T16:00:01.000Z
Supervielle_ARG,"¡Supervielle te acompaña en la vuelta al cole! 
Aprovechá, desde el primer día, los beneficios de pagar con QR a través de 
@MODO_Arg
.

 No te olvides de asociar tu cuenta, para recibir los reintegros!

Conocé más en 
supervielle.com.ar 
#HumanBanking #MODO",2,0,0,538,2023-02-20T16:00:00.000Z
Supervielle_ARG,"¡MODEAR es la que va! 
Te acercamos los pasos para activar 
@MODO_Arg
  y que puedas disfrutar de todos sus beneficios, siempre.

#HumanBanking #MODO",3,0,0,734,2023-02-17T14:00:03.000Z
Supervielle_ARG,"¡Cobrá con QR Supervielle!

Te acercamos más opciones de cobro para que tus clientes paguen desde cualquier app o billetera virtual. 

Conocé más en 
supervielle.com.ar/negocios/empre
…

#HumanBanking #AcompañamosALosQueHacen",2,0,7,516,2023-02-15T16:00:02.000Z
Supervielle_ARG,"#VeranoSupervielle tiene más beneficios para que disfrutes como nunca tus vacaciones en Mar del Plata.⁣
¡No te pierdas ni uno!⁣ 
Conocé más en 
supervielle.com.ar

#HumanBanking #MarDelPlata",1,0,1,498,2023-01-18T18:32:49.000Z
Supervielle_ARG,"¡Ya tenés disponible tu Tarjeta virtual Visa de débito!
Encontrala en el carrusel de tarjetas de tu App Supervielle para: 
Compras en comercios
Compras por internet
Extracciones sin tarjeta
Vinculación a modo o cualquier otra billetera virtual

#Supervielle #HumanBanking",1,0,4,932,2023-01-16T15:26:11.000Z
Supervielle_ARG,"Desde enero   discontinuaremos la cuponera como medio de pago de tu préstamo. 
Desde la App Supervielle, podrás abrir una cuenta gratuita y pagar tus productos desde allí.  
Conocé más en 
supervielle.com.ar/siempre-mas

#HumanBanking #SupervielleSiempreMas",0,0,2,553,2023-01-13T21:00:00.000Z
Supervielle_ARG,"Activá tu TOKEN y hacé tus transacciones más seguras. Recordá que NADIE te va a SOLICITAR este código, NO LO COMPARTAS.

Desde Supervielle NUNCA vamos a solicitarte que compartas claves por ningún medio.⁣

#Ciberseguridad #HumanBanking",0,0,1,611,2023-01-11T20:30:30.000Z
Supervielle_ARG,"¿Todavía no Modeaste ? Hacelo y ahorrá todos los días pagando con 
@MODO_Arg
 y tus Tarjetas Supervielle desde la App Supervielle o la App de MODO. 

Conocé más en 
modo.com.ar/promos-banco?i
…

#HumanBanking #MODO",0,0,4,694,2023-01-09T20:00:31.000Z
Supervielle_ARG,"¡Gracias a tu apoyo alcanzamos nuestra meta!
Donamos el equivalente al 1% de las compras en supermercados que realizaron nuestros clientes durante  diciembre, pudiendo cumplir nuestro objetivo de $2.000.000.
En conjunto con 
@Pilares
 y @BancoDeAlimentos te decimos: 
¡GRACIAS!",0,1,0,717,2023-01-09T16:20:09.000Z
Supervielle_ARG,"Planificá tus vacaciones!  
Aprovechá este beneficio en Aerolíneas Argentinas con tus Tarjetas Supervielle de crédito. 
Conocé más en 
bit.ly/3ZfeC1l

#VeranoSupervielle #HumanBanking",0,0,0,538,2023-01-07T14:55:00.000Z
Supervielle_ARG,"Todos los martes tenés beneficios para disfrutar y ahorrar en tus compras para la mesa navideña 

Y además, todos los días, tenés un beneficio especial que podés descubrirlo al final del posteo 

#HumanBanking",1,0,2,683,2022-12-19T13:23:55.000Z
Supervielle_ARG,"Este 16 y 17 de diciembre comprá tus regalos navideños con grandes ahorros en shoppings, jugueterías, farmacias y pefumerías + 3 cuotas sin interés 

Más info en 
supervielle.com.ar/personas/benef
… 
#HumanBanking",1,0,0,617,2022-12-16T15:51:40.000Z
Supervielle_ARG," Dale más valor a tu aguinaldo de forma ágil y sencilla con estas propuestas de inversión. 

Podés invertir de manera 100% digital desde Online Banking  

Conocé más en 
supervielle.com.ar/personas/inver
… 

#HumanBanking #DaleMasValorATuDinero",2,1,2,0,2022-12-15T15:47:12.000Z
Supervielle_ARG,"Ahora ya sabés , tomate 5 segundos antes de ingresar a nuestra web para verificar que sea la correcta y así prevenir estafas.

#Cibercuidados  #HumanBanking",0,1,0,0,2022-12-14T17:03:26.000Z
Supervielle_ARG,"Tus compras diarias cada vez tienen más beneficios    

Disfrutalos pagando con MODO y tus Tarjetas Supervielle.  

#HumanBanking #MODO",1,0,1,0,2022-12-12T19:07:09.000Z
Supervielle_ARG,"Tené en cuenta esta información a la hora de hacer tus operaciones bancarias durante el feriado. 

#HumanBanking",0,0,1,0,2022-12-08T13:00:02.000Z
Supervielle_ARG," ¿Sabías que si te robaron el teléfono o usás WhatsApp Web los estafadores pueden meterse en tu cuenta?  
 
Prestá atención a las siguientes indicaciones para no caer en Ciberestafas 
youtu.be/vVhKOe3kUGY

Y no te olvides, si hay estafa, salí volando   

#HumanBanking",0,0,2,0,2022-12-07T14:36:56.000Z
Supervielle_ARG,"""Toda transformación digital conlleva una transformación cultural"", compartió Alexis Cantenys, Gerente de Experiencia Empresas 
@supervielle_arg
, durante el evento de Empresas en Acción que se llevó a cabo en LA NACION. #ContentLAB para #Supervielle",4,1,1,0,2022-11-28T18:03:22.000Z
Supervielle_ARG,"¡Supervielle te da la bienvenida a un vuelo al mundo de la Ciberseguridad! 

Antes de ingresar tus claves, te pedimos que estés atento a las instrucciones que te dejamos en este video  
youtube.com/watch?v=rjPRAb
…

#SiHayEstafaSaliVolando #HumanBanking",0,0,0,0,2022-11-24T13:58:13.000Z
Supervielle_ARG,¿Qué mensaje le dejás a la selección para el arranque? #CopaDelMundoSupervielle,2,0,0,0,2022-11-22T10:03:18.000Z
Supervielle_ARG,"¿Sabías que pagando con MODO desde la App Supervielle podés ahorrar en supermercados, indumentaria, restaurantes, farmacias, perfumerías, colchones y tiendas de mascotas?  
 
Descubrí más sobre estos beneficios en 
supervielle.com.ar/personas/benef
… 

#HumanBanking",1,1,0,0,2022-11-21T15:15:39.000Z
Supervielle_ARG,"Tené en cuenta esta información a la hora de hacer tus operaciones bancarias durante el feriado. 

#HumanBanking",2,1,2,0,2022-11-20T17:31:03.000Z
Supervielle_ARG,¿Qué goles históricos te acordás que hicieron jugadores que entraron desde el banco de suplente? #GolesDesdeElBanco #CopaDelMundoSupervielle,0,0,0,0,2022-11-19T15:40:48.000Z
