username,text,likes,retweets,replies,views,created_at,best_trend,trend_similarity,best_trend_position
cocoscap,"CUIDATE DE LAS ESTAFAS Y RECORDÁ QUE:   

Nunca vamos a pedirte que nos compartas tu contraseña o datos sensibles por redes sociales. 

Para comunicarte con atención al cliente, podés generar un ticket desde la app o chatear con nosotros de 11 a 16hs. ",39,10,222,151000,2025-02-28T13:06:52.000Z,,0.0,
cocoscap," El post de 
@arielsbdar
 que dividió las redes: ¿#propiedad o #bolsa? En diálogo con Forbes, el CEO y cofundador de 
@cocoscap
 vuelve sobre el debate que generó en X cuando compartió su visión sobre qué hacer con los #ahorros.",10,2,2,2000,2025-09-21T13:03:16.000Z,,0.0,
cocoscap,Alguien sabe cómo poner esta foto completa de portada?,13,0,12,15000,2025-09-17T15:23:25.000Z,,0.0,
cocoscap," ¿Cómo impactará el resultado electoral en los mercados?

Este domingo seguimos EN VIVO las elecciones de PBA y analizamos qué puede pasar con el dólar, los mercados y las inversiones.

Junto a 
@Laralopezcalvo1
 
 21:30 hs
 YouTube
 Sumate: 
youtube.com/live/m3d9uM-oR
…",36,6,1,15000,2025-09-05T21:20:49.000Z,,0.0,
cocoscap,"Asado en América, interior de la provincia de Buenos Aires. Hubo breve charla de economía y pregunté que app tienen para invertir y también pagar en el día a día. 8 de 10 usamos 
@cocoscap
 . Educación financiera federal 
@arielsbdar
 ",9,2,0,7000,2025-09-05T17:05:06.000Z,,0.0,
cocoscap," En agosto nos consolidamos en el Top 3 de mayor volumen operado en acciones en BYMA.

 Con un 7,73 %, Cocos ocupó el puesto #2 del ranking.

Seguimos creciendo para acercar el mercado de capitales a cada vez más personas ",11,2,7,3000,2025-09-01T20:19:17.000Z,,0.0,
cocoscap,"Mirá el ranking completo en: 
byma.com.ar/mercado/para-a
…",1,0,0,2000,2025-09-01T20:19:18.000Z,,0.0,
cocoscap,"Segundo día construyendo junto a 
@TECHOarg
 

Con mucho esfuerzo y trabajo en equipo avanzamos en la construcción de 4 viviendas. 
La lluvia nos hizo frenar, pero no detiene las ganas de seguir construyendo futuro. ",14,3,4,4000,2025-08-31T16:02:49.000Z,,0.0,
cocoscap,"¿Te levantaste y el clima pide facturas? 

Dejalo en nuestras manos  30% OFF en 
@pedidosya
 pagando con tu Tarjeta Cocos ",10,1,4,3000,2025-08-31T13:03:00.000Z,,0.0,
cocoscap,"Empezamos la construcción de 4 casas junto a 
@TECHOarg
 y todo el equipo de Cocos ",33,4,7,4000,2025-08-30T16:34:49.000Z,,0.0,
cocoscap," La Secretaría de Finanzas adjudicó $3,788 billones en la licitación de hoy, sobre ofertas por $3,799 billones.

 Instrumento: TAMAR
 Vto. 28/11/25 (M28N5)
 Tasa: +1,00% TNA

Esta colocación contribuye al objetivo de absorción monetaria, tras la suba de encajes del BCRA.",20,2,7,5000,2025-08-18T18:44:44.000Z,,0.0,
cocoscap," ¿Qué está pasando con las tasas?
En  1 minuto, nuestros asesores te explican las claves para entender el mercado hoy.",21,5,4,5000,2025-08-14T22:19:45.000Z,,0.0,
cocoscap,"¡Ahora también podés comprar dólar oficial en Cocos!

Incorporamos una nueva funcionalidad en la app que compara en tiempo real el dólar oficial y el MEP para mostrarte automáticamente la mejor cotización disponible.

¿Cómo activarlo?
Por única vez, seleccionás la opción para",9,2,4,5000,2025-08-05T20:45:59.000Z,,0.0,
cocoscap," ¡Seguimos creciendo!

En julio nos posicionamos en el puesto #2 en volumen operado de acciones según BYMA, con un 9,83% del mercado.

Gracias a nuestra comunidad por elegirnos para invertir en el mercado de capitales. ",7,2,2,6000,2025-08-01T21:20:20.000Z,,0.0,
cocoscap," Con la suba del dólar de los últimos días (+6,5% en la semana), aparece una pregunta clave:

 ¿Conviene dolarizarse o mirar alternativas en pesos como las #LECAPs?",3,2,3,4000,2025-08-01T20:37:04.000Z,,0.0,
cocoscap," Ejemplo:
LECAP noviembre (S28N5)

“Dólar de equilibrio”: $1.530

Techo de la banda cambiaria para esa fecha: $1.509

 Resultado: rendimiento positivo en dólares si se mantiene el esquema actual.",6,0,1,4000,2025-08-01T20:37:05.000Z,,0.0,
cocoscap," En síntesis:

Las #LECAPs empiezan a ofrecer un colchón extra vs. el dólar en ciertos vencimientos.

Una opción atractiva para quien busca rendimiento en pesos sin perder de vista el tipo de cambio.",2,0,0,3000,2025-08-01T20:37:06.000Z,,0.0,
cocoscap,"Ya podés consultar el #Ranking de Volumen de Terceros de Julio 2025. Datos que reflejan la participación en #Futuros y #Opciones.

#A3Mercados #MercadodeCapitales #FuturosyOpciones
@cocoscap
  | 
@BAVSA
  | 
@BrioValores
  | 
@StoneX_Official
  | 
@VetaCapital
 | 
@ZENIcapitales
 |",7,3,1,3000,2025-08-01T20:00:00.000Z,,0.0,
cocoscap,"¿Querés que tu plata trabaje en todo el mundo y no solo en Argentina?
Conocé las nuevas alternativas para que tu cartera sea más sólida ",1,1,2,3000,2025-08-01T15:47:55.000Z,,0.0,
cocoscap," $USO – United States Oil Fund
Un ETF que sigue de cerca el precio del petróleo WTI a través de contratos futuros.
Cuando sube el crudo, este fondo lo refleja.
 Ratio 15:1

 $ACWI – iShares MSCI ACWI
Un fondo que refleja el pulso de la bolsa global.
Invertís en un solo",3,0,0,2000,2025-08-01T15:47:56.000Z,,0.0,
cocoscap,"¿Qué pasa con la licitación del Tesoro de hoy?

 El menú trae LECAPs y BONCAPs bien cortas (15 a 95 días) + DLKs hasta diciembre y un BONCER 2026.
 El mercado sigue con poca liquidez y tasas volátiles.

 ¿Qué esperamos desde Cocos?
 Rollover menor al 100%.
 Poco interés",6,1,8,4000,2025-07-29T13:51:49.000Z,,0.0,
cocoscap," Suben tasas, baja la liquidez, sube el dólar.
Y en el medio: Trump, Europa, Google y Tesla redefiniendo el juego.

 Te contamos en 60 segundos lo más importante que pasó esta semana en los mercados.",10,0,4,4000,2025-07-25T22:09:02.000Z,,0.0,
cocoscap,"Se viene portando muy bien la tarjeta internacional de Cocos en este viaje a Europa



• zafamos de los impuestos 

• no sufrimos rechazos 

• pagamos y listo, luego no hay trámites 

Detalles: 
infoviajera.com/2025/05/la-tar
…",16,4,9,11000,2025-07-18T17:27:02.000Z,,0.0,
cocoscap,Bonos ahora,78,9,7,9000,2025-07-18T13:19:10.000Z,,0.0,
cocoscap,"Pagando con Cocos, ¡pagás menos impuestos!

 Ahorrás hasta un 30% en plataformas como Meta Ads 

Además podés pagar directo desde los fondos comunes de inversión.",1,0,2,4000,2025-07-17T18:31:43.000Z,,0.0,
cocoscap,"¿Se viene un giro en el mercado?

Estamos en vivo analizando los últimos acontecimientos para ver dónde están las oportunidades de inversión 

Los esperamos:",7,1,8,8000,2025-07-14T22:24:25.000Z,,0.0,
cocoscap,"El INDEC informó el dato de inflación de junio y fue de 1,6%. En lo que va del año acumula un 39,4% interanual.",22,3,3,6000,2025-07-14T19:34:34.000Z,,0.0,
cocoscap,"Este lunes 19hs prendemos stream para analizar todo lo que está pasando en el Merval y ver dónde están las oportunidades de inversión.

¡Los esperamos! 
youtube.com/live/3NAt6Zgy4
…",4,0,3,4000,2025-07-13T12:32:17.000Z,,0.0,
cocoscap," El Gobierno decidió eliminar las LEFI, un instrumento clave de financiamiento de los bancos.
Esta medida impactó directamente en las tasas del mercado, que comenzaron a retroceder. 

Sin embargo, hacer tasa en pesos sigue siendo atractivo y los FCI son una gran opción si",16,4,4,5000,2025-07-11T21:52:34.000Z,,0.0,
cocoscap,"¿Sabías que podés pagar tus consumos directamente desde tu inversión?

Con Cocos, tu dinero no se queda quieto:
 Lo invertís en un fondo con rendimientos diarios
 Y podés usar la tarjeta Cocos para pagar directamente desde ahí.

Optimizá tus gastos sin resignar liquidez.
Hacé",3,0,0,3000,2025-07-11T17:47:33.000Z,,0.0,
cocoscap," Con el boom del comercio online, cada vez más compran en SHEIN, TEMU o AMAZON…

Pero pocos saben que hay una forma de ahorrar mucho más en cada compra 

¿Querés saber cómo? Te lo contamos acá ",10,2,5,3000,2025-07-10T18:37:44.000Z,,0.0,
cocoscap,Post feriado y pago de renta de bonos GD y AL.,11,0,9,4000,2025-07-10T13:43:49.000Z,,0.0,
cocoscap," ¿Estás planeando un viaje y querés que tu plata rinda más?

 Hoy a las 19hs en nuestro canal de YouTube, Ariel Sbdar, Damián Palais y Félix Marenco te cuentan cómo ahorrar e invertir para tu próximo destino 

 Sumate al vivo 
youtube.com/watch?v=tNR5qj
…",3,0,1,3000,2025-07-03T20:39:15.000Z,,0.0,
cocoscap,"Nuestros fondos ya superan los 800 mil millones de pesos administrados, posicionando a Cocos como la segunda gestora que más crece en Argentina .

Cada vez más argentinos eligen Cocos por su rendimiento, confianza y funcionalidad.

 Hay un fondo para cada perfil.
Conocé más",8,1,5,3000,2025-07-03T15:13:55.000Z,,0.0,
cocoscap,Bonos arrancan la jornada levemente al alza en un día con jornada reducida en la bolsa de Estados Unidos.,26,1,3,4000,2025-07-03T13:17:45.000Z,,0.0,
cocoscap,Bonos ahora,10,0,7,4000,2025-07-02T13:54:20.000Z,,0.0,
cocoscap,Tuki,6,1,4,4000,2025-07-01T14:45:53.000Z,,0.0,
cocoscap," Notificaciones que sí dan ganas de recibir.

Julieta cobró más de 247 dólares solo por invertir.
Pero… ¿cómo funciona un FCI?
Abro hilo ",7,0,8,6000,2025-07-01T14:42:42.000Z,,0.0,
cocoscap,"Beneficios de invertir en un FCI:  
 Rentabilidad: tu plata genera rendimientos diarios.  Liquidez: en fondos T+0 rescatas y suscribís en el momento, tu dinero disponible 24/7 y en los fondos T+1, solicitas el rescate y en 24hs tenés la plata en tu cuenta.  ",1,0,1,3000,2025-07-01T14:42:43.000Z,,0.0,
cocoscap,"¿Cuál eligió Julieta? 
 FCI Cocos Ahorro Dólares Un fondo en USD, ideal para quien quiere obtener rendimientos sin asumir mucho riesgo. 
 TNA estimada 4% 
 Disponible 24/7 (es T+0) 
 Podés pagar con tus rendimientos

Para más info sobre los horarios de suscripción y",2,0,1,3000,2025-07-01T14:42:44.000Z,,0.0,
cocoscap," Webinar de fondos
Mañana 19 h charlamos con 
@arielsbdar
 y Fermín López (Portfolio Manager de Cocos) sobre las estrategias de inversión de nuestros fondos, resultados y proyecciones para el segundo semestre.

Exclusiva para cuotapartistas. Inscripción por mail.",13,4,4,10000,2025-06-29T14:19:32.000Z,,0.0,
cocoscap," Nuestros asesores hablaron con 
@iProfesional
 tras la no reclasificación de Argentina por parte de MSCI.

 ¿En qué acciones conviene invertir en este contexto? Te lo contamos acá ",3,0,4,2000,2025-06-25T12:39:05.000Z,,0.0,
cocoscap,SE PRENDIÓ ESTO ,16,0,4,3000,2025-06-24T14:21:49.000Z,,0.0,
cocoscap," ¿Ya saben qué van a hacer con el aguinaldo?

Porque yo no tengo ni idea  pero por suerte hoy hay vivo en nuestro canal de YouTube y van a bajar data clave para potenciar esos pesos del aguinaldo.

 Los esperamos a todos en el chat a las 19hs",6,0,2,5000,2025-06-23T20:10:14.000Z,,0.0,
cocoscap,"Para pequeños y grandes ahorristas: cuáles son las nuevas oportunidades de inversión que eligen cada vez más argentinos -vía 
@cocoscap
-",7,3,0,8000,2025-06-23T15:40:27.000Z,,0.0,
cocoscap,"Chocolate caliente para afrontar el día helado 
Así da gusto arrancar la semana ",25,0,8,4000,2025-06-23T13:10:15.000Z,,0.0,
cocoscap,Si insisten. Voy por ustedes harinas ,1,0,2,3000,2025-06-21T13:45:52.000Z,,0.0,
cocoscap,"Repitan conmigo: el aguinaldo se invierte no se delira.

Y si lo invertís en los fondos de Cocos te aseguras la tasa más alta del mercado . 

 
cocos.capital/fondos",12,0,14,4000,2025-06-18T15:35:15.000Z,,0.0,
cocoscap,"Volviendo a Ros...
Pasando por el HQ de mi Broker ",30,2,6,11000,2025-06-12T21:13:43.000Z,,0.0,
cocoscap,"En Estados Unidos, en Argentina y en todo el mundo, la tarjeta Cocos, VUELA!",6,0,14,5000,2025-06-12T18:48:47.000Z,,0.0,
cocoscap,"Yo usé la Cocos card por recomendación de 
@OporOnlineAr
 para simplificar el proceso de pago y fue un éxito ",5,3,2,5000,2025-06-12T13:55:43.000Z,,0.0,
cocoscap,"UN COQUI TRAE MI PEDIDO DE RAPPI!!! 


Aprovechen que hay desayunos con 30% OFF Pagando con Cocos!!",3,0,8,4000,2025-06-07T13:00:25.000Z,,0.0,
cocoscap,"Es $1200 el techo del dólar?
#AsiLaVe la mesa",10,2,5,5000,2025-06-06T18:41:25.000Z,,0.0,
cocoscap,Se picó todo entre Trump y Elon... #HablaLaMesa sobre el tema del momento,4,1,3,3000,2025-06-06T16:15:31.000Z,,0.0,
cocoscap,Los escuchamos y lo aplicamos ;),6,0,4,4000,2025-06-06T13:36:40.000Z,,0.0,
cocoscap," ¡TENGAN CUIDADO!
 HAY MUCHO RANKING TRUCHO DANDO VUELTA

 El único verdadero es el de 
comparatasas.ar",7,0,7,4000,2025-06-05T20:14:59.000Z,,0.0,
cocoscap,"ETH subió 40% en el último mes! 

Venite si no te querés quedar afuera del mundo Crypto 
youtube.com/live/qey6FosD0
…",9,0,3,3000,2025-06-04T21:30:34.000Z,,0.0,
cocoscap,"Obvio que sí 

Y si tenés Android, lamentablemente... AHRE! 

Ya sea Android o Apple, podés asociar la tarjeta Cocos a la billetera del celu ",4,1,4,4000,2025-06-04T20:34:22.000Z,,0.0,
cocoscap," BlackRock compra Ethereum.
 Bitcoin rompe récords.
 ¿Y el resto de las cripto?

Hoy 18:30hs en vivo por YouTube te contamos TODO lo que está pasando en el mundo cripto.

 Activá la notificacón: 
youtube.com/watch?v=qey6Fo
…
@franperez_co
 @axelbeckerok",3,3,3,4000,2025-06-04T18:56:54.000Z,,0.0,
cocoscap,"Estamos en la #JobFair2025 de la 
@utditella
 

Nos vemos en el stand? Recibimos CV para pasantías ",5,1,2,2000,2025-06-04T13:43:57.000Z,,0.0,
cocoscap,¿Qué puede pasar con el bono BA37 si el oficialismo gana las elecciones bonaerenses? ¿Y si pierde?,23,5,4,8000,2025-06-03T18:14:21.000Z,,0.0,
cocoscap,"En qué invertir 100 USD en Crypto? 

Así armaría un portfolio conservador dentro de Crypto (no es una recomendación de inversión)

Todas estas cryptos podés comprarlas en 
@cocoscap
 

No te olvides de seguirnos para aprender más sobre Bitcoin y Criptomonedas ",5,2,0,2000,2025-05-30T20:54:31.000Z,,0.0,
cocoscap,"¿Qué empresa  te da orgullo?
@Mercadolibre
 @marcos_galperin
 @cocoscap
 @arielsbdar
 @A_Guaymallen
 @nhbasilotta
 @TechintEC
 @YPFoficial
 @Globant
 @arcor",32,8,4,13000,2025-05-30T21:10:54.000Z,,0.0,
cocoscap,"Es decir que hay 8177 personas que pusieron sus pesos a trabajar a la tasa más alta del mercadoTNA 34%
Esos si que no se pierden de hacer tasa el finde",6,0,6,3000,2025-05-30T19:43:56.000Z,,0.0,
cocoscap,"¡ACÁ ESTÁ LA VERDAD DE LA MILANESA!

#HablaLaMesa sobre la suba del dólar 

Para conocer las otras 2 razones  cocosgold@cocos.capital ",9,3,2,3000,2025-05-30T19:04:07.000Z,,0.0,
cocoscap,"¿Qué podés comprar con 48 mil pesos? 

-4 CEDEARs de $GOOGL
-4 ACCIONES de $PAMP 
-19 NOMINALES de AL30

Qué más comprarías con esa plata?",9,0,4,3000,2025-05-30T15:19:29.000Z,,0.0,
cocoscap,"Nunca había comprado una acción y hoy con 
@cocoscap
 es todo muy fácil. La verdad gracias. Excelente aplicación..",1,1,0,3000,2025-05-29T22:13:17.000Z,,0.0,
cocoscap,"Usando 
@cocoscap
 en Brasil con pesos argentinos. 

Gracias 
@arielsbdar
 me sacaste de apuro!!",3,1,2,4000,2025-05-29T23:46:22.000Z,,0.0,
cocoscap,"YA ESTAMOS! 

Venite: 
youtube.com/live/AdYr2BNUc
…",4,0,2,2000,2025-05-28T21:09:19.000Z,,0.0,
cocoscap," En 1 hora y 30 minutos prendemos en YouTube 

Tema clave: cómo impactan los impuestos en tus inversiones 

Venite que tener las cuentas claras también es parte de invertir bien ",2,0,3,3000,2025-05-28T19:30:29.000Z,,0.0,
cocoscap," Si tus sábados arrancan con medialunas, que también arranquen con descuento.

 Pagá con la tarjeta Cocos en Rappi y ahorrá mientras te cebas un mate!

 Pedila hoy desde la app y preparate para el finde.",2,0,2,2000,2025-05-28T13:11:52.000Z,,0.0,
cocoscap,"#AsíLaVe 
@diegocabot
 que pasó por el vivo de Cocos Gold y nos acercó su análisis sobre el año electoral y lo que puede suceder con la  economía.",5,3,5,4000,2025-05-23T16:12:50.000Z,,0.0,
cocoscap,"NOS LO PIDIERON Y SUCEDIÓ 

 Descuento en Rappi solo los sábados pagando con  Cocos 

 ¿Medialunas? ¿Brunch? ¿Algo dulce para arrancar el finde?
 Pagá con Cocos y ahorrá 30% 

 Pedí hoy tu tarjeta virtual desde la app y aprovechá el descuento.",25,5,6,108000,2025-05-23T15:02:23.000Z,,0.0,
cocoscap,"Se vino 
@diegocabot
 al stream de Cocos Gold.

Vamos a hablar de las elecciones en CABA, las de octubre y cómo está el
mercado en este escenario.

Venite: 
youtube.com/live/4AU2IFlcQ
…",3,0,1,2000,2025-05-23T11:55:05.000Z,,0.0,
cocoscap,"¿Sabías que tus dólares abajo del colchón solo agarran humedad y pierden valor? 

Sí, sí, les pasa eso, pero si los invertís en Cocos podés potenciarlos a una TNA del 8% ",17,0,9,4000,2025-05-22T13:30:43.000Z,,0.0,
cocoscap,Se puede usar la plata invertida en el COCOAUSD ,1,0,2,4000,2025-05-21T20:30:49.000Z,,0.0,
cocoscap,"@arielsbdar
 Y la Cocos Card sigue haciendo todo más fácil, ahora desde Athenas. 
@cocoscap",8,2,3,8000,2025-05-21T19:12:25.000Z,,0.0,
cocoscap,"DÓLAR BARATO

En Cocos el dólar está más barato que en el Banco",9,1,3,3000,2025-05-21T14:36:09.000Z,,0.0,
cocoscap,"Doble descuento en Tiendamia 

- Aplicá el cupón INFOVIAJERA-MIA y tené U$S 20 de descuento (primeras compras, mínimo  de compra 100 USD)
- Además U$S 30 Off pagando con la tarjeta de 
@cocoscap
 !   (Compra mínima U$S 60)
Te dejo el link
bit.ly/3hUqoIp

Meteleeeeeee",9,1,0,6000,2025-05-20T19:21:58.000Z,,0.0,
cocoscap,Última rueda de la semana y tímido el verde...,13,0,0,2000,2025-05-16T13:14:42.000Z,,0.0,
cocoscap,"@arielsbdar
 @cocoscap
  Exitosa la Card Cocos en Europa, hoy se lució en Taormina Sicilia Dolce&Gabana",17,2,7,7000,2025-05-15T20:21:50.000Z,,0.0,
cocoscap,Estrenamos stream mensual sobre Crypto! ¿Ya vieron la primera emisión? ,5,0,3,3000,2025-05-15T22:16:36.000Z,,0.0,
cocoscap,Llegamos para salvarles la vida,4,1,2,4000,2025-05-15T22:14:56.000Z,,0.0,
cocoscap,"Tuvo una corrección fuerte, pero ya acumula un crecimiento de +20% en 2025

¿De qué activo estoy hablando? ",6,1,12,5000,2025-05-15T15:12:06.000Z,,0.0,
cocoscap," Hay nuevos CEDEARs aprobados por CNV, y ya tenemos 2 favoritos:

 $ASML: gigante de semiconductores con moat tecnológico único. Provee las máquinas clave para fabricar chips avanzados (IA, autos, smartphones).

 $VIG: ETF de empresas que aumentan dividendos hace +10 años.",11,0,4,2000,2025-05-15T14:56:50.000Z,,0.0,
cocoscap,"Aprovechá el sale de inversiones en 
@cocoscap
 Entrá a la app de Cocos y descubrí todas ...",5,1,0,2000,2025-05-15T05:30:28.000Z,,0.0,
cocoscap,"Aquí vemos dos operaciones que hicimos con la tarjeta internacional de 
@cocoscap
 en España, una compra online y otra presencial

¡Qué bien funciona! 

¡Qué práctico pagar y listo, sin preocuparse por los impuestos!",8,1,5,4000,2025-05-14T14:24:25.000Z,,0.0,
cocoscap,La tarjeta internacional de Cocos funcionó muy bien para pagar en euros en España,11,4,1,13000,2025-05-14T13:19:23.000Z,,0.0,
cocoscap," Rapidito, antes de que arranque la jornada…
 Breve resumen de lo que pasó con el dólar la semana pasada",8,2,1,2000,2025-05-12T12:40:12.000Z,,0.0,
cocoscap,"TERRIBLE TORNEO DE PADDLE! 
Gracias a todos nuestros clientes de Cocos Pro que vinieron a jugar y disfrutar! ",12,1,6,4000,2025-05-11T14:21:28.000Z,,0.0,
cocoscap,"Empezamos a probar la tarjeta internacional de 
@cocoscap
 en Barcelona con lo importante: una Vichy Catalan ",23,4,10,25000,2025-05-10T19:24:19.000Z,,0.0,
cocoscap,Invetirmos y nos divertimos,7,0,1,3000,2025-05-10T19:13:11.000Z,,0.0,
cocoscap,"Se terminó la semana y no tuviste tiempo de informarte? 

Tranqui que para eso estamos nosotros ",19,6,1,7000,2025-05-09T22:28:40.000Z,,0.0,
cocoscap," ¡Queda una hora para que pongas tus pesos a generar tasa a la mejor TNA!

 Invertí en el FCI COCORMA ahora y hacé que tus pesos laburen por vos ",10,1,2,4000,2025-05-09T18:02:16.000Z,,0.0,
cocoscap," Día verde para Argentina en Wall Street:

  $MELI aencabeza la suba de los ADRs +8%
 3 ruedas verde para los Bonos en dólraes

 En lo local:
* Dólar oficial en baja porque el agro liquida
* El MEP cada vez más cerca del piso, cotiza $1140",11,0,12,4000,2025-05-08T19:11:57.000Z,,0.0,
cocoscap,"A 10 minutos de que abra el mercado, $MELI sube 8%",60,3,66,12000,2025-05-08T13:52:25.000Z,,0.0,
cocoscap,Debí comprar más $MELI cuando yo pude ,27,0,6,6000,2025-05-07T22:17:27.000Z,,0.0,
cocoscap,"Ya estamos en vivo con Más allá de Crypo!

Venite: 
youtube.com/watch?v=T0jEOj
…",4,0,0,3000,2025-05-07T21:31:42.000Z,,0.0,
cocoscap,"#HablaLaMesa ¿Qué va a pasar con las tasas en pesos? No lo sabemos, pero este es el análisis que hacen los asesores de Cocos",6,2,2,3000,2025-05-05T15:44:00.000Z,,0.0,
cocoscap,"#AsíLaVeCocos, un breve análisis sobre lo que pasó la semana pasada con el dólar",9,1,6,3000,2025-05-05T13:18:10.000Z,,0.0,
cocoscap," Hoy no hay mercado, pero los pesos siguen ahí... mirando cómo pierden valor.

 Pasate a dólares con Cocos y dejá de quedarte mirando.

 Desde la app. Rápido, simple y sin chamuyo.",4,0,13,5000,2025-05-02T13:04:00.000Z,,0.0,
cocoscap,"¡Feliz día a los que ponen el cuerpo, la cabeza y el corazón todos los días!

Y también a los que ponen a laburar su plata mientras descansan.
‍
Porque trabajar también es elegir con libertad cómo vivir.
‍",12,0,3,3000,2025-05-01T12:31:54.000Z,,0.0,
cocoscap,Se acabó la semana y #HablaLaMesa de Cocos con lo más importante de la semana y el mercado ,6,0,1,3000,2025-05-01T00:14:48.000Z,,0.0,
cocoscap," Se viene finde largo y muchos ya cobraron (sí, el sueldo )
¿Y los pesos? No los dejes dormir.
 Ponelos a la-bu-rar en el FCI COCORMA
 TNA estimada: 34,5%
 Desde la app, en 2 clics.",7,0,31,6000,2025-04-30T15:01:42.000Z,,0.0,
cocoscap,Yo invirtiendo en cocos porque el genio mal interpretó mi pedido,12,0,10,4000,2025-04-30T14:07:34.000Z,,0.0,
cocoscap," 10 DÓLARES parecen POCO, pero… 

 Mirá el poder de invertir a largo plazo en activos que tienen valor real…  

SI querés aprender a invertir, no te olvides de seguirnos 
@axelbeckerok
 @cocoscap
 

Y si tenés alguna duda o consulta, dejala en comentarios y te ayudamos ",9,2,0,3000,2025-04-29T23:06:17.000Z,,0.0,
cocoscap,"LE REGALAMOS UNA TARJETA COCOS AL MINISTRO DE ECONOMÍA!!! 

Ahora Toto Caputo va a poder pagar sus gastos en dólares con dólares usando la tarjeta Cocos ",67,25,63,144000,2025-04-29T12:46:07.000Z,,0.0,
cocoscap,¡Se largó nomás! ,15,1,8,4000,2025-04-23T14:00:35.000Z,,0.0,
cocoscap,"Algunos resultados de la temporada de balances para ver qué empresas rompieron el excel:

 GE ( $GE)
Reventó las expectativas:
 Revenue: USD 9.94B vs. 8.97B
 EPS: USD 1.49 vs. 1.26

 3M ( $MMM)
Masiva superación de estimaciones:
 Revenue: USD 5.95B vs. 5.80B
 EPS: USD",9,1,6,5000,2025-04-22T21:10:09.000Z,,0.0,
cocoscap," OJO con ESTO en BITCOIN 

2 gráficos que anticipan una GRAN subida para BITCOIN, ¿Se dará?

 Si no querés quedarte afuera, bajate la app de 
@cocoscap
 y empezá a invertir ahora ",6,1,3,3000,2025-04-22T18:06:05.000Z,,0.0,
cocoscap,"Se recupera Bitcoin, ya superó los 90K ",8,0,1,4000,2025-04-22T16:12:58.000Z,,0.0,
cocoscap,"Si se llega a ir Powell de la FED, ¿qué pasaría en el mercado? 

Leo sus hipótesis ",14,1,26,10000,2025-04-22T14:02:45.000Z,,0.0,
cocoscap,Cae el dolar!  ,34,2,25,10000,2025-04-21T17:31:51.000Z,,0.0,
cocoscap,Los futuros del oro alcanzaron un nuevo record: superaron los $3.400 dólares la onza!,10,0,6,5000,2025-04-21T13:03:04.000Z,,0.0,
cocoscap," 3 datos antes de que abra el mercado:

1.Wall Street rojo: temores por posible avance de Trump contra la Fed agitan a los futuros. El oro rompe récord y el dólar se debilita.

2.China endurece postura comercial: reduce compras a EE.UU. y sugiere  a otros países seguir el",9,0,5,5000,2025-04-21T12:36:15.000Z,,0.0,
cocoscap,Por suerte existe nuestra tarjeta que te simplifica todo este tema y podes pagar en pesos o dólares y ahorrar hasta 30% vs dólar tarjeta ,5,0,1,6000,2025-04-20T12:05:22.000Z,,0.0,
cocoscap,pagando con Cocos en Steam ,23,3,6,24000,2025-04-20T01:54:57.000Z,,0.0,
cocoscap,"Un éxito la tarjeta de cocos. Me salvo anoche porque la tarjeta del banco no me autorizaba pagar booking y tenia que llamar en días habiles. Con la de Cocos al instante y en pesos. 
@cocoscap
 @arielsbdar",31,4,12,14000,2025-04-19T13:13:08.000Z,,0.0,
cocoscap,"Del otro lado del mundo hay gente pagando con Cocos sus gastos en ¡LIBRAS ESTERLINAS! 

Sí, leíste bien: con la tarjeta Cocos pagás donde estés, en la moneda que sea, sin dramas!
 Vos poné la tarjeta, nosotros nos ocupamos del resto. ",11,0,20,9000,2025-04-16T12:21:40.000Z,,0.0,
cocoscap,"Usando 
@cocoscap
 en México, anda perfecto y mejor precio que cambiando usd 
@arielsbdar",46,4,27,40000,2025-04-15T20:37:51.000Z,,0.0,
cocoscap," ¡AHORA SÍ! 
Ya podés pagar todos tus consumos en dólares con la tarjeta Cocos  al mejor tipo de cambio y sin impuestos
 Pagás con pesos, con dólares,  con tus inversiones en FCI, y hasta con cryptos.

 Pedí tu tarjeta desde la app y empezá a ahorrar en cada compra!",45,2,92,44000,2025-04-15T17:32:21.000Z,,0.0,
cocoscap,"Estamos experimentando una alta demanda en la aplicación, lo que genera que algunos usuarios estén teniendo problema para loggearse en la app.

Nuestro equipo ya está trabajando para solucionarlo y volver a estar online para todos lo antes posible.",942,172,0,460000,2025-04-14T15:45:56.000Z,,0.0,
cocoscap," Ahora que salimos del cepo... ¿A qué activos le vemos atractivo?
 Te lo respondemos en este video ",46,11,228,83000,2025-04-14T13:49:51.000Z,,0.0,
cocoscap,"Faltando una hora para la apertura del mercado, así están los bonos.",235,31,161,172000,2025-04-14T13:03:57.000Z,,0.0,
cocoscap,"Arrancó el Día C! 
C de CHAU CEPO! ",673,56,299,160000,2025-04-14T11:22:04.000Z,,0.0,
cocoscap,"MAÑANA NO HAY CEPO!

Hablamos de lo que se viene a partir del Lunes 14 a las 22hs por Youtube 

¡Venganse!
youtube.com/live/QIG41Aq8m
…",34,7,20,22000,2025-04-14T00:35:08.000Z,,0.0,
cocoscap,Extendimos el horario del mercado hasta las 18hs y ya empezó a rebotar ,22,0,7,5000,2025-04-09T20:26:10.000Z,,0.0,
cocoscap,"Bueno, entonces... Qué hacemos con la plata? ",8,0,5,3000,2025-04-09T14:19:54.000Z,,0.0,
cocoscap,"Mañana no es feriado y Caro me pasó el video del TREMENDO after que hicimos la semana pasada! 

Unas ganas de pisarla y encarar ",8,0,1,3000,2025-04-08T19:32:51.000Z,,0.0,
cocoscap,Un poco de verde como para curar las angustias,26,0,3,4000,2025-04-08T13:10:49.000Z,,0.0,
cocoscap,"Abro debate: 
¿Les está enseñando a ahorrar o le está enseñando a guardar plata en folios? ",16,0,4,5000,2025-04-07T15:19:01.000Z,,0.0,
cocoscap,"Lo bueno: ya cerraron los mercados asiáticos.
Lo malo: falta que abra el mercado local y la bolsa de NY ",85,9,9,7000,2025-04-07T12:12:16.000Z,,0.0,
cocoscap,"FOTO DE CLIENTE
Spiagge Di Napoli 
 $121k almuerzo para 6.
20k por pera! 
Pagado con los rendimientos del COCORMA!

AGUANTE ARGENTINA LOCO!",10,0,2,4000,2025-04-06T18:22:23.000Z,,0.0,
cocoscap,"Hoy te regalan 100 millones verdes, ¿dónde lo invierten?

Es para un amigo ",20,4,37,18000,2025-04-05T14:12:51.000Z,,0.0,
cocoscap," ¡OTRO MES ROMPIÉNDOLA EN EL MERCADO! 

Cerramos Marzo en el puesto #2 en volumen operado tanto en Acciones (9,44%) como en Renta Fija (4,29%) según BYMA. 

Seguimos creciendo y ayudando a los argentinos a invertir con la mejor experiencia. ¿Todavía no operás en Cocos? Yo",10,1,0,3000,2025-04-01T19:21:28.000Z,,0.0,
cocoscap,Quién para juntarse a tradear en casa?,17,1,0,4000,2025-04-01T18:01:23.000Z,,0.0,
cocoscap,"Un mes en el mercado  es como 10 años en la vida de un mortal, por eso es tan difícil resumir en un tuit todo lo que pasó en marzo.

Les dejo el vivo de ayer  con toda la data que necesitan para invertir :",4,1,1,4000,2025-04-01T15:53:47.000Z,,0.0,
cocoscap,"¡Ya estamos por empezar! 

Si querés saber que pasa en el mercado y dónde invertir, venite!
youtube.com/live/RBHm1jgnJ
…",5,0,0,3000,2025-03-31T22:05:42.000Z,,0.0,
cocoscap,"Todo lo que quiero en la vida:
-Cobrar el sueldo 
-Ponerlo a rendir a la mejor tasa ",7,0,5,3000,2025-03-31T20:58:24.000Z,,0.0,
cocoscap," CAE EL MERCADO, QUÉ HACEMOOOSSSS??? 

Primero, ¡no asustarse!  Segundo, venite al stream de hoy a las 19hs  para entender qué está pasando con los activos y cómo afrontar esta caída.

Nos vemos? 
 Hoy, 19hs, por YouTube: 
youtube.com/watch?v=RBHm1j
…",17,4,4,4000,2025-03-31T16:05:47.000Z,,0.0,
cocoscap,"Me levanto y me entero que la bolsa de Tokio arrancó su jornada cayendo un 4%. 

Veremos que sucede por estos lados del mundo cuando abra el mercado ",20,1,4,4000,2025-03-31T11:10:36.000Z,,0.0,
cocoscap,"¿Qué hacen mañana a las 19hs? 

Porque en el YouTube de Cocos vamos a chusmear lo que fue marzo en el mercado , un poco de lo que anduvo pasando con el dólar futuro, la economía y demases... 

Nos vemos? 
youtube.com/live/RBHm1jgnJ
…",16,2,0,5000,2025-03-30T11:41:00.000Z,,0.0,
cocoscap,"Yo prefiero 
@YerbaCosmico
, pero bueno ",9,0,4,4000,2025-03-28T19:36:07.000Z,,0.0,
cocoscap,"Te regalo 20 billones de dólares, ¿Qué haces con la plata?

Solo respuestas osadas, nada de ""la invierto""...",53,1,102,29000,2025-03-21T18:53:31.000Z,,0.0,
cocoscap," ¿Qué pasó con las reservas del Banco Central?

En el último stream de #Recalculando , Ian y Nico analizaron la venta de reservas que ocurrió en la última semana .

Si querés ser parte de estos encuentros y estar al tanto de todo, escribinos a  cocosgold@cocos.capital",8,1,1,3000,2025-03-21T18:36:04.000Z,,0.0,
cocoscap," ¡APRENDÉ A INVERTIR SIN GASTAR UN PESO! 

En la Semana Mundial del Dinero, todos los cursos de Cocos Academy están 100% GRATIS, ONLINE Y A TU RITMO.

 Entrá ahora a 
cocos.capital/university y empezá a hacer crecer tu plata. ",5,0,9,3000,2025-03-20T14:49:20.000Z,,0.0,
cocoscap,"Se prendió el mercado 

+4,52% del Merval tras la aprobación del DNU en Diputados para negociar con el FMI. 

 Pero , el BCRA ya soltó USD 745M en 3 días. ¿Rebote de confianza o respiro momentáneo?",32,3,11,5000,2025-03-19T21:17:29.000Z,,0.0,
cocoscap,"Si sos como yo y te manejas 100% cripto, gracias a 
@cocoscap
 ya ni necesitas tener $ARS para hacer tus compras, podes pagar con stablecoins (también con pesos, dólares o dinero en distintos FCIs).

Sólo tenes que pedir tu tarjeta y configurarlo en la app.",11,1,2,3000,2025-03-19T16:17:00.000Z,,0.0,
cocoscap," ¡CONVERTITE EN UN VERDADERO MASIVO BRO! 

En la Semana Mundial del Dinero, habilitamos TODOS los cursos de Cocos Academy, GRATIS.

 Aprendé a invertir desde cero. Sin falsas promesas, ni burpees.
 Sin poner un peso.
 100% online y a tu ritmo.

 Entrá ya a",253,26,31,4000000,2025-03-17T22:23:14.000Z,,0.0,
cocoscap,"Los soberanos arrancan a la baja en el premarket.

 Se espera una semana de mucha volatilidad, así que a pensar en frío y analizar bien toda la película antes de mover algo del portafolio. ",15,0,3,3000,2025-03-17T13:27:02.000Z,,0.0,
cocoscap," ¿Qué es el riesgo país y por qué debería importarte?

Ian y Felix, Financial Advisors de Cocos Gold, te lo explican en este video  

Para acceder a los encuentros semanales, escribinos a: cocosgold@cocos.capital",19,8,1,7000,2025-03-14T19:55:31.000Z,,0.0,
cocoscap,"Hoy nos visitaron alumnos del Club de Finanzas de 
@UADEoficial
 . 

Encantados de recibirlos en HQ para contarles más en detalle qué hacemos y cómo lo hacemos. 

Gracias por la visita! 
Seguimos #AbriendoCocos ",29,7,4,5000,2025-03-14T17:28:07.000Z,,0.0,
cocoscap," $PAMP presentó balance y es un buen momento para preguntar: ¿sos team energéticas? 

Ian y Agus, Financial Advisors de Cocos, te cuentan su visión sobre el tema. ",13,0,1,3000,2025-03-06T15:37:40.000Z,,0.0,
cocoscap," Liderando el ranking BYMA de Acciones y Renta Fija! 

Un ejemplo de la confianza y las oportunidades que trae Cocos para los inversores. 

¡Vamos por más! 

Mirá el ranking compelto en: 
byma.com.ar/ranking/",6,0,2,3000,2025-03-06T13:44:17.000Z,,0.0,
cocoscap,"Perdonenme todos, no acecto ",10,0,0,3000,2025-03-06T13:35:25.000Z,,0.0,
cocoscap,"1 BTC = 1 USD 

Te imaginás haber comprado Bitcoin en esa época? 

Igual era difícil comprar BTC en 2011, ahora es mucho más fácil gracias a 
@cocoscap
  

Te bajás la App, te registrás y comprás cryptos con pesos argentinos 

 Seguinos para aprender sobre Bitcoin y",7,2,1,3000,2025-03-05T20:09:15.000Z,,0.0,
cocoscap,"¡¡ Valentín, prepará las valijas que te vas a Brasil! 

Ya hicimos el sorteo del viaje para dos personas a Río y tenemos ganador.

Nos vamos a estar contactando con el afortunado por mail. ¡Felicitaciones y gracias a todos los que participaron! ",11,1,9,4000,2025-03-05T17:38:08.000Z,,0.0,
cocoscap," Cosas que podés hacer con 1 dólar en Argentina:

 Comprarte un par de caramelos
 Ver cómo pierde valor mientras lo pensás.
 O invertirlo en el FCI Cocos Ahorro USD, que rinde un estimado anual de 6,25%.

La última opción suena mejor, ¿no? ",13,0,8,5000,2025-03-05T17:15:16.000Z,,0.0,
cocoscap," Buen díaaa, les dejo dos recordatorios para hoy:

 No hay mercado por feriado (pero sí operaciones en los mercados internacionales).

 Podés aprovechar la lluvia para dolarizarte  y operar MEP 24/7 desde la app.",10,0,10,4000,2025-03-03T12:58:19.000Z,,0.0,
cocoscap,"Re-Lanzamos AFI para Asesores Financieros Independientes! 

Presentamos una Plataforma de Gestión, diseñada in-house con tecnología de punta para que puedas trabajar de manera más ágil y eficiente. 

Si sos AP, está hecha para vos 
 Contactanos afi@cocos.capital",72,12,4,28000,2025-03-02T15:51:29.000Z,,0.0,
cocoscap," ¡Atención fanáticos -y no tan fanáticos- de River! 

Este martes 25, podés ser parte del crecimiento del club 
 Llega la licitación de ONs de River, y podés participar fácil y rápido desde la app 

 Descargá Cocos y sumate al futuro del Millonario ",30,7,8,13000,2025-02-20T18:00:21.000Z,,0.0,
cocoscap,"Datos que tenés que saber:

En la apertura del mercado, $BABA ya sube un +9% 

Los resultados del último trimestre de 2024 superaron expectativas y la proyección para 2025 entusiasma a los inversores 

 El oro en máximos históricos 

El ETF SPDR Gold Share ( $GLD ),",13,0,7,4000,2025-02-20T14:45:17.000Z,,0.0,
cocoscap," El S&P Merval sube 1,3% y alcanza los 2.421.933 puntos.

 Las acciones con mayores subas hasta ahora:
 $METR +3,5%
 $TECO2 +3,1%
 $BBAR +2,9%",17,1,2,4000,2025-02-19T17:45:14.000Z,,0.0,
cocoscap," Hoy ingresaron USD 3,7 millones al FCI COCOAHORROUSD que rinde 6,25% TNA estimada.
 El fondo tiene un patrimonio neto de 167 millones!!!!

No digan que no les avisé... Tus dólares en Cocos rinden más.",25,3,16,5000,2025-02-18T21:17:55.000Z,,0.0,
cocoscap,"No me quedó claro, entonces el FCI COCOS AHORRO DÓLARES rinde más que todos los fondos en dólares del mercado? ",172,7,24,3000000,2025-02-18T18:49:15.000Z,,0.0,
cocoscap,"REBOTÍN, REBOTÁN ",254,17,22,18000,2025-02-18T17:17:03.000Z,,0.0,
cocoscap," La mejor tasa para hacer rendir tus dólares está en el FCI COCOS AHORRO DÓLARES 

TNA estimada: 6,25%
Sin límites ni máximos de inversión
 Bajo riesgo
 Disponibilidad 24/7
 Sin meses negativos desde su lanzamiento

No lo pienses más, esta es tu mejor inversión ",95,5,15,3000000,2025-02-18T12:04:55.000Z,,0.0,
cocoscap," ¡Ayudemos a reconstruir El Bolsón!

Desde la app de Cocos podés donar para los damnificados por los incendios. Todo lo recaudado va directo a 
@sifundacion
 , que está comprando materiales para levantar las viviendas perdidas.

 Sumate a la causa y colaborá desde la app.",13,1,1,3000,2025-02-17T17:23:54.000Z,,0.0,
cocoscap," Hoy es feriado en EE.UU.
 Wall Street no opera, pero en Argentina los mercados abrirán con normalidad.",27,2,11,6000,2025-02-17T13:32:55.000Z,,0.0,
cocoscap,"Uff! Me acaban de pasar esta conversación 

Bancan el regalo?",123,15,32,37000,2025-02-14T18:07:38.000Z,,0.0,
cocoscap,"Los verdaderos BRO desayunamos pizza con mate mientras operamos unos MEP a precio asegurado 

Hay niveles! Y Feliz día de la pizza  ",121,4,18,14000,2025-02-09T12:06:09.000Z,,0.0,
cocoscap,"Pagando cocos con Cocos

cc: 
@cocoscap",15,1,0,3000,2025-02-08T00:49:37.000Z,,0.0,
cocoscap,"""La minera ($VALE3) se posiciona  como una oportunidad de inversión atractiva"", comenta Tobías Sanchez, analista de Investigación en Cocos.

Lee la nota completa acá ",10,0,4,3000,2025-02-07T22:16:59.000Z,,0.0,
cocoscap," ¡NUEVOS CEDEARs DE BRASIL DISPONIBLES! 

Ahora podés invertir en 14 empresas brasileñas desde Argentina, sin abrir cuenta afuera ni mover dólares al exterior. 

¿Qué empresas se suman y si conviene entrar? Te lo cuento en este hilo ",37,3,11,10000,2025-02-07T13:54:54.000Z,,0.0,
cocoscap,"¿Por qué puede ser una oportunidad?

 Brasil es la mayor economía de Latinoamérica.
 Te permite diversificar en sectores con potencial.
 Los CEDEARs están dolarizados: protegen tu inversión frente a la inflación y la devaluación del peso.",4,0,2,3000,2025-02-07T13:54:55.000Z,,0.0,
cocoscap,"¿Conviene entrar? 

Si buscás diversificación y exposición a mercados emergentes, estos CEDEARs pueden ser una opción. 
Pero la clave es elegir empresas sólidas y con buen desempeño.",4,0,2,3000,2025-02-07T13:54:55.000Z,,0.0,
cocoscap," ¡Ya estamos en vivo! 

Si querés saber la verdad de la milanesa y dónde se corta el queso, venite a YouTube 
@agustinasavoia
 y @IanColombo4 te cuentan dónde pueden estar las oportunidades de inversión en 2025.

 Yo que vos, no me lo pierdo →",5,1,1,6000,2025-02-06T22:02:00.000Z,,0.0,
cocoscap,Es porque tenemos el FCI con la mejor tasa ,18,0,9,9000,2025-02-06T21:08:05.000Z,,0.0,
cocoscap,"AHORA 
EL MEP COTIZA A $1185

Si ya cobraste el sueldo es una oportunidad para dolarizarte ",28,1,17,8000,2025-02-06T18:00:04.000Z,,0.0,
cocoscap," ATENCIÓN INVERSORES, TENEMOS CITA! 

 Este jueves 6 a las 19 hs
 YouTube Live
Vamos a contarte dónde están las oportunidades en 2025 y qué tenés que mirar sí o sí en el mercado.

¿Te lo vas a perder? Activá la campanita  y nos vemos en vivo!
youtube.com/live/RYjJSareF
…",17,4,11,5000,2025-02-06T14:53:42.000Z,,0.0,
cocoscap,"Existe un FCI sin **, sin tope ni límites y encima es el que más rinde del mercado... ¿saben cuál es?

Les dejo una pista:",13,0,9,4000,2025-02-06T13:29:43.000Z,,0.0,
cocoscap,"$NVDA cae más de 6% en los días previos a su presentación de balance.

Corrección o se pinchó esta burbuja? ",11,0,9,5000,2025-01-29T20:32:41.000Z,,0.0,
cocoscap,Qué estaré haciendo mal con mi comitente si paso todo el día tomando mate y siguiendo los mercados! ,41,1,28,9000,2025-01-29T16:43:19.000Z,,0.0,
cocoscap," ¡Nos fuimos mundial! 

Hoy recibimos en nuestras oficinas a estudiantes del programa de verano SASS de la 
@UdeSA
.  
Nos visitaron jóvenes de Alemania y Estados Unidos  y les contamos sobre Cocos y el enorme trabajo que hacemos para democratizar las finanzas. ",15,1,4,4000,2025-01-29T15:05:50.000Z,,0.0,
cocoscap,Al infinito y más allá! ,53,4,9,5000,2025-01-29T13:58:38.000Z,,0.0,
cocoscap," ¡Gran día para el mercado hoy! 

 $TSLA, $MSFT y $META presentan sus balances en medio del sacudón que trajo el lanzamiento de DeepSeek. 

 La Fed anunciará su decisión sobre las tasas de interés.  La expectativa de una reducción es baja, pero el mercado está",17,1,6,4000,2025-01-29T12:51:28.000Z,,0.0,
cocoscap,"Podemos hablar de las compras Crypto que está haciendo 
@realDonaldTrump
? 

Ethereum, Bitcoin, AAVE y... 

Si querés comprar cryptos de manera súper sencilla, podés hacerlo en 
@cocoscap
 ",9,3,2,3000,2025-01-28T23:10:19.000Z,,0.0,
cocoscap,Qué pocos bonos tengo!!,89,2,15,11000,2025-01-28T19:52:38.000Z,,0.0,
cocoscap,"Hace mucho que no les paso esta información.

Están notificados (? ",59,2,26,9000,2025-01-22T13:21:09.000Z,,0.0,
cocoscap,"Alguien debería hacer patria y contarle a Speed sobre el mejor mercado de capitales del mundo, *me pongo de pie*: LA MERVALETA 

Yo me ofrezco y de paso le hacemos la comitente",14,0,12,5000,2025-01-21T20:52:05.000Z,,0.0,
cocoscap," 5 tips para evitar estafas financieras y proteger tu dinero de la mano de 
@cokilitvin
 : 

 Verificá si la cuenta con la que interactúas es la oficial.
Buscá la insignia de verificación al lado del nombre de perfil, revisá la cantidad de seguidores y el contenido de la",10,3,11,9000,2025-01-21T18:18:33.000Z,,0.0,
cocoscap," Activá el 2FA
El doble factor de autenticación es una medida de seguridad clave para proteger tu cuenta. Evita que, aún si un criminal se hace de tu clave, no pueda acceder a ella.. Si no sabes cómo activarlo, acá tenés un tutorial: 
bit.ly/4jrxRPa
Bonus track:",2,0,1,2000,2025-01-21T18:18:34.000Z,,0.0,
cocoscap," Utiliza el canal de atención de la app
Recordá que el único medio por el cual podemos conversar es el chat al que accedes desde nuestra app oficial.

Para más información, mirá nuestro reel: 
bit.ly/4h2aiLh

 Si usas Cocos es porque proteges tus finanzas, seguir",0,0,7,3000,2025-01-21T18:18:35.000Z,,0.0,
cocoscap," Vos sos la clave
Nosotros no te pediremos jamás claves, tokens o datos personales través de ningún medio que no sea la app oficial, no los compartas con nadie que te los pida por DM de ninguna red social, teléfono o WhatsApp.

 Genera una clave segura o utiliza un gestor de",0,0,1,310,2025-01-21T18:18:34.000Z,,0.0,
cocoscap, Yo en Brasil todo feliz  porque con Cocos tengo el mejor tipo de cambio para pagar con PIX ,12,0,26,7000,2025-01-21T13:52:01.000Z,,0.0,
cocoscap,"¡Lo piden, lo tienen!

Ya podés vincular tu tarjeta Cocos con Google Pay!

En breves sale para apple ",29,1,29,7000,2025-01-20T17:38:15.000Z,,0.0,
cocoscap,¡Hay niveles! ,177,4,58,21000,2025-01-17T17:10:55.000Z,,0.0,
cocoscap,"Vocé pidió agora e posible! 

Así en portuñol te decimos que ya podes pagar con CHAVE PIX y al mejor tipo de cambio, obvio.",23,4,30,9000,2025-01-08T16:19:43.000Z,,0.0,
cocoscap," El mejor tipo de cambio están en Cocos. 

 Hacé que tus ahorros trabajen por vos antes de viajar a Brasil:

 Invertí en nuestros fondos y obtené rendimientos con las mejores tasas del mercado. 
 En tus vacaciones, pagá con PIX a través de Cocos y ahorrá más gracias",7,0,24,7000,2025-01-08T15:15:00.000Z,,0.0,
cocoscap,"Te vas para ?
Nosotros te ayudamos con el idioma
 
Se pregunta: Vocé tem PIX?
Se responde: Obrigado, pago com Cocos, mais barato. ",96,8,57,18000,2025-01-07T15:03:44.000Z,,0.0,
cocoscap," ¡Viajá a Brasil con Cocos! 

 Invertí tus ahorros en cualquiera de nuestros fondos y hacelos crecer. 
 Pagá en Brasil con tus ganancias escaneando el QR PIX directo desde la app. 

 La mejor tasa de cambio está en Cocos. ¡Finanzas que acompañan tus vacaciones! ",12,1,20,8000,2025-01-07T13:20:00.000Z,,0.0,
cocoscap,"¡ESTAMOS DE LA CABEZA!

 Sorteamos UN VIAJE PARA DOS PERSONAS A BRASIL 

 ¿Cómo participar?
 Completá el formulario  
cocos.capital/viaja-a-brasil
…
 ¡Listo! Ya estás dentro.

 Tenés tiempo hasta el 12 de enero. ¡No te quedes afuera!",228,26,69,77000,2025-01-06T13:11:47.000Z,,0.0,
cocoscap,"Bom dia!  
Açai o queijo quenchi?",31,1,27,11000,2025-01-04T14:17:47.000Z,,0.0,
cocoscap,"Es una web de un desarrollador ...
comparapix.ar

Que todos publiquen su API y disponibilidad el dato así se puede saber",33,3,6,12000,2025-01-03T17:26:19.000Z,,0.0,
cocoscap,"Si viajas a Brasil  necesitas saber esto ...

La app de Cocos ya habilitó la opción de pago con Pix en Brasil 
al mejor tipo de cambio 

Pix es uno de los métodos de pago más usados en Brasil y lo aceptan desde los vendedores ambulantes hasta los hoteles.

El paso a paso para",0,47,45,282000,2025-01-03T14:00:52.000Z,,0.0,
cocoscap,"Esperando que pase el que vende quejio  para acompañar mis mates .

Obvio que le voy a pagar con Cocos , ¿con qué otra app lo iba a hacer? ",23,0,16,8000,2025-01-03T18:17:00.000Z,,0.0,
cocoscap," En el pre-market ya están cotizando al alza las sobras del 24! 

¡Feliz Navidad para todos! ",21,0,0,5000,2024-12-25T13:25:00.000Z,,0.0,
cocoscap," ¡Feliz Navidad! 

 Recuerden que hoy el mercado opera hasta las 15:00 horas , y lo que es Contado Inmediato se opera como T+1 .",9,0,7,4000,2024-12-24T13:59:02.000Z,,0.0,
cocoscap,"Apa!  Y ese cartel verde en mi home de Cocos? 

Será que se viene pagos con QR PIX a la mejor cotización del mercado? ",63,3,21,12000,2024-12-23T22:34:04.000Z,,0.0,
cocoscap,"Todos hablan de $DESP, pero ¿sabés dónde encontras también el mejor precio?  

En la app de Cocos, ¡obvio!

Pagás en Brasil escaneando los QR PIX y ahorrás hasta un 40% en TODOS tus consumos. ",13,0,8,5000,2024-12-23T15:37:26.000Z,,0.0,
cocoscap," Las vacaciones son para disfrutar, no para andar viendo dónde se come más barato .

Por eso, en Enero, pagando con Cocos en los QR PIX te ahorrás hasta un 40% .

 ¿Te estás por ir a Brasil?
Bajate hoy la app de Cocos  y empezá a potenciar tus ahorros .",13,1,13,6000,2024-12-20T19:07:07.000Z,,0.0,
cocoscap,Cuando estás en Brasil y pagas con una billetera virtual/ cuando pagas con Cocos,50,2,38,9000,2024-12-20T13:25:44.000Z,,0.0,
cocoscap," ¡YA ESTAMOS EN VIVO! 

 Cerramos el año junto a la comunidad de Cocos Fem hablando sobre activos financieros. 

 Vení a aprender de las mejores del mercado:

 
@rosario__mg
, Líder del segmento AFI.
 
@agustinasavoia
, Financial Advisor Cocos Gold.

 No te lo",11,4,5,10000,2024-12-19T22:14:28.000Z,,0.0,
cocoscap,"¡Sean pillos estas vacaciones! 

Con la app de Cocos no solo se ahorran hasta un 40% en Brasil , sino que pueden poner su plata a trabajar desde hoy . Y cuando viajan, ¡se llevan un dinero extra! 

No les cobro nada por el datazo porque estoy de buen humor ,",21,1,25,7000,2024-12-19T16:48:55.000Z,,0.0,
cocoscap," AGUINALDO ALEEERT!!

Si no lo cobraste hoy, seguro llega en estos días. 

Por eso decidimos hacer el último stream del año hablando sobre cómo potenciar ese sueldo extra! 

 Cuándo? Lunes 16, 19 hs.
 Por dónde? ¡Por nuestro canal de YouTube! 

¡Nos vemos!",18,3,5,4000,2024-12-13T15:49:53.000Z,,0.0,
cocoscap,Ya esto practicando para enero ,48,5,7,9000,2024-12-13T13:10:51.000Z,,0.0,
cocoscap," ¡Con Cocos, directo a Brasil! 

 Si Brasil ya estaba regalado, con este notición te morís...
 A partir de enero, pagando con Cocos en cualquier QR PIX, ¡podés ahorrarte hasta un 40%! 

 Pagás como quieras:
 Pesos
 Dólares
 FCI de Cocos

 Abrís la app,",82,8,16,17000,2024-12-12T19:27:02.000Z,,0.0,
cocoscap,"Ayer salió el dato de inflación y en Cocos tenemos un FCI que generó rendimientos mensuales por arriba del 2,4% 

¿Querés saber más? Mirá el video ",13,1,4,4000,2024-12-12T15:16:00.000Z,,0.0,
cocoscap,Cuando llegue a Brasil no diré nada pero habrán señales...,90,7,6,19000,2024-12-11T15:51:05.000Z,,0.0,
cocoscap,Você fala português? ,40,0,12,10000,2024-12-10T21:05:11.000Z,,0.0,
cocoscap,"De enero a hoy el FCI COCORMA tuvo un rendimiento del 86%!!! 

¡Es una locura que todavía haya gente con sus pesos derritiéndose en billeteras virtuales!

Más info sobre el fondo 
cocos.capital/fondos/cocos-d
…",15,1,11,6000,2024-12-10T18:03:06.000Z,,0.0,
cocoscap," Revolucionar tus finanzas nunca fue tan simple.

 Elegí cómo pagar: pesos, dólares o FCI.
 Sin límites, sin avisos, sin trabas.
 Todo con la tarjeta Cocos.

 Pedila hoy por la app y sé parte del cambio.",8,1,2,3000,2024-12-10T14:35:01.000Z,,0.0,
cocoscap,"Sin límites.
Sin topes 
Sin *",84,10,11,11000,2024-11-30T01:38:33.000Z,,0.0,
cocoscap," ¿Cobraste? No dejes tu sueldo en pausa.

 Invertí en el COCORMA al 41% TNA y hacé crecer tu plata.

Además, podés usar tu dinero cuando quieras con la tarjeta Cocos. ¡LIBERTAD total! 

 Invertí ahora desde la app.",19,1,2,4000,2024-11-29T18:48:39.000Z,,0.0,
cocoscap,"Andamos generosos y salió una super promo con la gente de Rappi Turbo!

Procedan!",9,0,0,3000,2024-11-29T16:17:06.000Z,,0.0,
cocoscap,"Qué pregunta, no?

Hacemos un vivo para ver en qué se puede invertir el aguinaldo?  
t.co/xfeSJhRXXK",38,0,12,7000,2024-11-29T14:15:59.000Z,,0.0,
cocoscap,Imaginate hablar mal de mí y yo estar así:,30,3,6,7000,2024-11-28T23:55:46.000Z,,0.0,
cocoscap,"¿Es el hit del verano? 
ES EL HIT DEL VERANO 
@somosgelatina",656,39,131,107000,2024-11-28T18:09:11.000Z,,0.0,
cocoscap,"Basta de perder plata, donde dejar la liquidez en pesos hoy?  
@cocoscap",80,9,12,43000,2024-11-28T16:39:32.000Z,,0.0,
cocoscap,"¡Revolucioná tus finanzas !

Es el momento de tomar el control y llevar tu dinero al siguiente nivel .

Invertí en Cedears, Bonos, Acciones y mucho más .
Operá dólar MEP 24/7 .
¡Pagá con pesos, dólares o tus inversiones usando la tarjeta Cocos !

Descargá la app",10,0,3,3000,2024-11-28T14:46:00.000Z,,0.0,
cocoscap,"Entrando a Rappi Turbo no se si pedirme unos Franui  o la 
@cocoscap
 Card 

Quizás ambas, en 10 minutos… ",13,1,1,5000,2024-11-25T20:56:05.000Z,,0.0,
cocoscap,"Pidan sus tarjetas que ya salió el Rappi! 
rappi.onelink.me/2373836517/tar
…",39,0,6,5000,2024-11-25T20:55:50.000Z,,0.0,
cocoscap,"Y este Rappi? Alguno se lo cruzó? 

Avisen si lo ven que anda repartiendo tarjetas por CABA! 

 
rappi.onelink.me/2373836517/tar
…",110,8,4,8000,2024-11-25T20:49:38.000Z,,0.0,
cocoscap,"A 10 minutos de que tu situación financiera cambie
¿Vas a dejar pasar la oportunidad?

Pedí tu tarjeta Cocos por Rappi Turbo y elegí vos cómo pagar ",18,1,6,4000,2024-11-25T20:07:45.000Z,,0.0,
cocoscap,Ya hablamos de lo fachera que quedó la app? ,418,11,124,38000,2024-11-25T17:42:27.000Z,,0.0,
cocoscap,"RAPPIDO QUE ESTÁN VOLANDO!

Si vivís en CABA, ingresas a Rappi Turbo y en la sección ""novedades"" solicitas tu tarjeta Cocos que te llega en 10 minutos ",20,0,8,6000,2024-11-25T15:51:33.000Z,,0.0,
cocoscap,"Me llegó hasta en una plaza, RAPPI TURBO, 
@arielsbdar
 felicitaciones por la gestión, me llegó en 10 minutos
@cocoscap",23,2,5,10000,2024-11-25T15:32:02.000Z,,0.0,
cocoscap," @cocoscap
 presentó ayer su tarjeta para que puedas hacer todo desde una misma App

Vas a poder usar pesos, dólares o la plata que tengas invertida en los Fondos Comunes de Inversión (rinde 41% vs el 35% de mercado pago) ",64,1,3,13000,2024-11-22T13:27:55.000Z,,0.0,
cocoscap,"¡ NO ES CUALQUIER TARJETA! 

Con la tarjeta de Cocos vos elegís cómo pagar:

 Con pesos
 Con dólares
 Con los FCI de Cocos

 A partir del lunes, ¡solicitala por la app! ",218,20,23,18000,2024-11-22T13:20:28.000Z,,0.0,
cocoscap,IMAGINATE TENER LA PLATA EN COCOSRMA Y PODER COMPRAR CON LA DEDEBITO QUE SE AUTO RESCATE LA GUITA DLE FCI EPETACULAR,26,1,6,6000,2024-11-22T01:10:57.000Z,,0.0,
cocoscap,"Actualicen la app el lunes que los cambios que se vienen son enormes. Felicitaciones 
@cocoscap
 @arielsbdar
.",188,6,11,25000,2024-11-22T00:21:02.000Z,,0.0,
cocoscap,SE VINO!,0,141,163,697000,2024-11-21T22:30:56.000Z,,0.0,
cocoscap,"EN 30 MINUTOS VA A SUCEDER LO QUE TANTO ANUNCIAMOS 

Los quiero a todos conectados comentando en el chat:",59,5,15,20000,2024-11-21T21:33:11.000Z,,0.0,
cocoscap,Faltan 5 horas y media para que suceda lo que todos acá estamos esperando que pase ,282,14,47,66000,2024-11-21T16:34:33.000Z,,0.0,
cocoscap,"#Bitcoin rompiendo máximos históricos... ¿Es momento de COMPRAR? ¿De VENDER? 

¡Te cuento en el video! 

 Si querés comprar/vender #BTC y más cryptos de manera súper sencilla, lo podés hacer desde la app de 
@cocoscap
 ",9,3,1,10000,2024-11-21T15:35:28.000Z,,0.0,
cocoscap,"Llegué a la oficina y todos se saludan con un: HOY SE VIENE!

Así que... si se quieren enterar, es por acá",24,6,2,10000,2024-11-21T12:20:09.000Z,,0.0,
cocoscap,Que los argentinos confíen porque el equipo de Cocos no los va a dejar tirados ,199,7,19,21000,2024-11-21T01:12:40.000Z,,0.0,
cocoscap,Vayan llamando a todos los Gordos se viene porque efectivamente SE VIENE. ,689,43,28,56000,2024-11-20T22:32:16.000Z,,0.0,
cocoscap,"Yo sé que es muy temprano, pero... MAÑANA VAN A PASAR COSAS EN EL HQ

Activen la : 
youtube.com/live/VZmuFB7R_
…",141,22,7,32000,2024-11-20T12:36:33.000Z,,0.0,
cocoscap,"¡ATENCIÓN MUJERES INVERSORAS!

Este jueves 14 a las 19hs vamos a hacer un vivo por Youtube junto a 
@larilopezcalvo
 y 
@rosario__mg
 para contarles todo sobre #CocosFem y además responder  a la pregunta: ¿por dónde empiezo?

Sumate al vivo anotándote acá: 
forms.gle/51tLN9tVVSjnjV
…",36,7,4,11000,2024-11-12T13:53:05.000Z,,0.0,
cocoscap,"SOLO 30% DE LAS PERSONAS QUE INVIERTEN EN EL MERCADO SON MUJERES 

Por eso, decidimos crear Cocos FEM, el primer club financiero para mujeres.

 Cocos Fem es un espacio pensado para que más mujeres puedan ser dueñas de sus finanzas y potenciar sus ingresos.

 Si vos",44,3,14,14000,2024-11-11T18:49:35.000Z,,0.0,
cocoscap,"Quien no está invirtiendo en Bitcoin, ¿qué tan angustiado se siente hoy? ",21,2,4,6000,2024-11-11T13:58:10.000Z,,0.0,
cocoscap,"AHHHH 
Se me pasó el horario para rescatar plata de los fon...AH NO, CIERTO QUE LOS FCI DE COCOS AHORA SON TODOS PLAZO INMEDIATO!

Menos mal!",140,9,11,14000,2024-11-08T18:45:50.000Z,,0.0,
cocoscap,"El otro día un amigo no-cripto me escribió contándome que había empezado a exponerse al sector cripto pero sin invertir en criptos, ""¿Qué?"" Le pregunté, ""Si. Estoy comprando $COIN & $MSTR en 
@cocoscap
"", me dijo...

Posta que me puse MUY contento por él.",13,1,1,4000,2024-11-08T16:23:04.000Z,,0.0,
cocoscap,"Wanda blanqueó a L-Gante y vos tenés hasta mañana para regularizar esos ahorros que tenés guardados bajo el colchón.

 blanqueo@cocos.capital",69,5,5,11000,2024-11-08T00:54:12.000Z,,0.0,
cocoscap,¿Vos sos Pistarini?,63,1,3,8000,2024-11-07T19:52:48.000Z,,0.0,
cocoscap,"¿DÓNDE INVERTIR AHORA QUE GANÓ TRUMP? 

Les dejo tres CEDEARs que pueden verse beneficiados con el gobierno de Donald Trump:

 $JNJ
 $GOOGL
 $MRK
Como siempre,  analicen las empresas y tomen sus propias decisiones en base a su tolerancia al riesgo .",21,0,2,5000,2024-11-07T16:00:47.000Z,,0.0,
cocoscap,"Si respondés bien te lo llevás… 

Por un cuaderno de 
@cocoscap
 en 
@labitconf
 

Cómo te hubiera ido? Sabías las respuestas? ",8,2,0,4000,2024-11-06T23:18:02.000Z,,0.0,
cocoscap,"LOS BONOS ARGENTINOS VUELAN 
A CONTRA MANO DEL RESTO DE LOS MERCADOS EMERGENTES.

ARGENTINA, SOLO LOS ARGENTINOS ENTENDEMOS ",96,7,27,11000,2024-11-06T14:09:41.000Z,,0.0,
cocoscap,"Por suerte yo tengo mi plata invertida en el FCI COCOS DARUMA con un rendimiento estimado del 45% anual 

El verdadero: sabemos dónde invertir ",35,1,7,9000,2024-11-01T13:24:13.000Z,,0.0,
cocoscap,"Arrancando el viernes 
Mates y a esperar que abra el mercado para operar algunos dólares y meter el sueldo en COCORMA ",38,1,3,3000,2024-11-01T13:07:03.000Z,,0.0,
cocoscap,"A 16 años de la presentación de #Bitcoin 

31/10/2008 fue el día en que vio la luz Bitcoin como un sistema de dinero alternativo 

Para celebrarlo, te traigo  datos curiosos sobre #BTC 

Y si querés comprar bitcoin, hacelo en 
@cocoscap
 de la manera más simple ",10,1,0,2000,2024-10-31T21:42:32.000Z,,0.0,
cocoscap,"¡HAY UN CHAGÜÍ MÁS!

La primera etapa del blanqueo de capitales se extiende hasta el 8 de noviembre. 

Ya saben qué tienen que hacer, mandan mail a blanqueo@cocos.capital y los asesoramos para potenciar sus ahorros ",9,0,1,3000,2024-10-31T21:34:03.000Z,,0.0,
cocoscap,Ya tengo mi disfraz para la fiesta de esta noche ,683,23,52,46000,2024-10-31T16:09:00.000Z,,0.0,
cocoscap,"AMIGAS MERVALERAS, LAS ESTAMOS BUSCANDO",10,1,3,4000,2024-10-30T20:51:19.000Z,,0.0,
cocoscap,"Ganá 15$ por cadá Dólar con este arbitraje financiero 

Todo en una misma App, y con la posibilidad de invertir esos USD y ganar más 

Claro, en 
@cocoscap
 ",14,2,2,2000,2024-10-30T19:20:24.000Z,,0.0,
cocoscap,"¡Ya estamos en vivo!

Venite y sacate todas las dudas sobre el blanqueo 

 
youtube.com/live/f4iwT0oEo
…",5,0,1,2000,2024-10-24T13:25:38.000Z,,0.0,
cocoscap," ¡SE ACERCA EL FIN Y YO LES AVISÉ! 

Son los últimos días para adherir al blanqueo de capitales. 

Mañana jueves a las 10am vamos a hacer un vivo junto a nuestros expertos para que puedan sacarse todas las dudas y no se queden afuera de esta oportunidad 

Anotate acá para",8,1,1,3000,2024-10-23T19:13:19.000Z,,0.0,
cocoscap,"Para los que todavía no se animaron, les recomendamos echarle un vistazo a los cursos que certifica 
@cocoscap
  en 
@coderhouse
 . Seguro que los va a ayudar a arrancar con todo y a romperla . ¡¿Qué estas esperando?!",7,1,0,2000,2024-10-23T18:52:36.000Z,,0.0,
cocoscap,¿A qué hora empezamos a compartir nuestras expectativas sobre el balance de $TSLA?,12,0,1,4000,2024-10-23T18:40:00.000Z,,0.0,
cocoscap,"CHICOS! EL FCI COCOS DARUMA NO HA TENIDO NI UN MES NEGATIVO DESDE SU LANZAMIENTO!!! 

¿Qué hacen que no están invirtiendo acá con una TNA 45%!?
cocos.capital/fondos/cocos-d
…",25,2,7,7000,2024-10-23T15:41:54.000Z,,0.0,
cocoscap,"No me van a hacer cambiar de opinión, pero inténtenlo ",34,3,7,4000,2024-10-23T14:35:00.000Z,,0.0,
cocoscap,"MIRÁ TODAS ESAS OPCIONES PARA PAGAR! ME VUELVO LOCO! 

Si quieren que les cuente cuál es el mejor rulo para hacer que los pesos rindan más, denle like al tuit.",86,5,3,6000,2024-10-23T12:04:20.000Z,,0.0,
cocoscap,"Hoy le hicimos fotos nuevas al CEO. 
Salió guapísimo!",336,10,16,16000,2024-10-22T20:03:03.000Z,,0.0,
cocoscap,¿Seguirá el CARRY TRADER? ,7,0,4,4000,2024-10-22T13:54:06.000Z,,0.0,
cocoscap,$AMZN vs $MELI... ¿Quién gana? ,8,0,6,6000,2024-10-21T19:00:41.000Z,,0.0,
cocoscap,"¿Qué es eso? ¿Es un avión? ¿Es un pájaro?
No, es el Merval que ¡está re volado!",40,2,3,4000,2024-10-15T15:37:01.000Z,,0.0,
cocoscap,"¿Dólar tarjeta a $1600? 
Disculpá, no conozco esa calle. Yo pago mis gastos con dólares comprados en Cocos ",15,0,0,3000,2024-10-15T14:46:00.000Z,,0.0,
cocoscap,¿Hay algo más lindo?,46,1,1,4000,2024-10-15T13:44:30.000Z,,0.0,
cocoscap,"¿Dónde están los crypto bro que quieren ir a la LABITCONF? 

¡Este miércoles sorteamos 3 entradas!",3,1,2,5000,2024-10-14T17:20:34.000Z,,0.0,
cocoscap,"¡SORTEO 3 ENTRADAS A LABITCONF!

Requisitos para participar:

1. Seguir 
@manuellondra
 y 
@cocoscap
.
2. Me gusta y retweet.
3. Mencionar 2 amigos en comentarios.

¡El 16/10 anuncio los 3 ganadores!

¡Éxitos! 

Manu",35,33,47,12000,2024-10-09T16:31:06.000Z,,0.0,
cocoscap,"EMILIA MERNES AL CERRAR EL SHOW:

""No dejen sus pesos durmiendo en la caja de ahorro, inviértanlos en el FCI Cocos DARUMA""",175,5,8,17000,2024-10-14T13:45:44.000Z,,0.0,
cocoscap,"¡Buen día foristas! 

Hoy no hay screen de bonos porque es feriado en USA, así que a esperar que abra la Mervaleta nomás.",12,0,6,4000,2024-10-14T13:08:38.000Z,,0.0,
cocoscap,"-Cómo vas a pagar?
-Con dólares por Cocos Pay ",30,4,7,12000,2024-10-12T22:01:16.000Z,,0.0,
cocoscap,"Así de gusto arrancar la semana!

Gracias 
@cocoscap
 @arielsbdar
 por abrirnos las puertas!",30,3,2,15000,2024-10-07T15:16:36.000Z,,0.0,
cocoscap,"En el día de la educación financiera abrimos las puertas de la oficina para convertirla en aula 

Venite a aprender sobre el mercado de capitales de la mano de los profesionales de Cocos: 
youtube.com/live/Q_fEZCPY7
…",22,1,6,4000,2024-10-07T12:58:29.000Z,,0.0,
cocoscap,"¡DAME MÁS GASOLINA! 

YPF licita una Obligación Negociable clase 32 y tenés la posibilidad de sumarte a través de Cocos. 

Ingresá al link y potenciá tus ahorros con YPF 
forms.gle/yCCpx3raB4mUyU
…",8,0,3,3000,2024-10-07T12:54:02.000Z,,0.0,
cocoscap,"DESAYUNO EN COCOS!

Este lunes 7 abrimos las puertas de la oficina para brindar una charla introductoria sobre el mercado de capitales 

¡Venite a aprender sobre inversiones y desayunar con nosotros!

Anotate acá para participar de la charla: 
forms.office.com/r/u0G59WaFNe",44,6,5,13000,2024-10-05T14:23:58.000Z,,0.0,
cocoscap,"¡Convertimos la oficina en aula! 

Este lunes es el día de la educación financiera y abrimos las puertas de nuestra oficina para una charla introductoria al mercado de capitales 

¡Anotate acá para venir al encuentro!
forms.office.com/r/u0G59WaFNe",9,1,1,3000,2024-10-04T14:16:00.000Z,,0.0,
cocoscap," ESTAMOS EN VIVO!

Ya estamos online en YouTube hablando sobre el blanqueo, la prórroga y la importancia de invertir esos ahorros regularizados.

¡Venite! 
youtube.com/watch?v=xuhBxS
…",14,1,0,3000,2024-10-04T13:09:49.000Z,,0.0,
cocoscap,Buenas noches,267,6,7,13000,2024-10-04T02:41:54.000Z,,0.0,
cocoscap,"En tu ALYC dan un curso preparatorio gratuito para el examen de la CNV? Porque en la mía sí 
@rosario__mg",48,4,4,10000,2024-09-30T21:37:47.000Z,,0.0,
cocoscap,"SE FILTRÓ DÓNDE INVIERTEN LOS MILLONARIOS

Importante fuente informó que los millonarios argentinos invierten en el Wall Street en pesos!

*Los millonarios --> Hinchas de River*
*Wall street en pesos --->Cocos*",113,6,13,19000,2024-09-30T16:37:40.000Z,,0.0,
cocoscap," 🆁🆁🅽🅲 🅶🆁🆆 
En Grow vamos a conocer a las empresas más importantes de la región, su historia y visión para el desarrollo.
Con 
@JuaneMaldonado
, 
@menacegabriel
 y 
@MaiaWoelflin
, de la mano de 
@cocoscap
. En el primer programa, Las Marías.
 
Youtube.com/@ziestatv",15,10,1,5000,2024-09-30T12:23:16.000Z,,0.0,
cocoscap,"Buen día gente! 

Algo rojo para empezar, pero nada que no se pueda remontar 

Espero que 
@gladiadormerval
 no se ponga mal, todavía es temprano ",26,0,3,4000,2024-09-30T13:14:51.000Z,,0.0,
cocoscap,"Un hincha de River hoy:
Se levanta, sabe que hay partido, pero lo tiene a Gallardo de técnico así que anda tranquilo averiguando cómo invertir en el FIDEICOMISO a través de Cocos.",85,10,7,20000,2024-09-29T14:00:47.000Z,,0.0,
cocoscap," Si invertías 10K USD en #Bitcoin en 2020... cuánto tendrías hoy? 

Invertí en #BTC de la manera más sencilla en 
@cocoscap
 ",5,2,1,5000,2024-09-27T18:10:59.000Z,,0.0,
cocoscap,Imaginate ser de Cocos Pro y venir un día a operar desde el HQ ,23,0,8,6000,2024-09-26T16:54:28.000Z,,0.0,
cocoscap," ¡TIP PARA AHORRAR UN 20% EN AMAZON!

 Comprá dólar MEP a ∼$1225 en la app de Cocos
 Elegí el producto que quieras en Amazon y seleccioná el envío flat de $5USD 
 Pagá este gasto en tu tarjeta con esos dólares 

¡Y listo!  Con estos pasos te ahorraste como un 20%",45,7,0,7000,2024-09-26T15:50:39.000Z,,0.0,
cocoscap,"SE EXTENDIÓ EL BLANQUEO!!

El gobierno oficializó la prórroga y hay tiempo para adherir hasta el 31 de octubre.

Aprovechá esta oportunidad para convertir tus ahorros en inversiones! Escribinos a: blanqueo@cocos.capital",12,1,2,4000,2024-09-26T14:00:09.000Z,,0.0,
cocoscap,Saluden a mi amigo Cris que hoy metió su primera orden en el mercado! ,11,0,1,6000,2024-09-25T21:11:12.000Z,,0.0,
cocoscap,Después de ver cómo cerró el mercado,41,0,4,5000,2024-09-25T20:29:04.000Z,,0.0,
cocoscap,"¡No te quedes afuera! 

Última semana para adherir al blanqueo.

Venite a Youtube y conocé las oportunidades de inversión que hay para tus ahorros: 
youtube.com/watch?v=P5y6_m
…",0,1,1,3000,2024-09-23T13:00:08.000Z,,0.0,
cocoscap,Invirtiendo en tapers ,72,0,5,5000,2024-09-20T17:57:57.000Z,,0.0,
cocoscap,Qué pocos tengo,43,3,5,5000,2024-09-20T16:49:45.000Z,,0.0,
cocoscap,Él la estaba esperando con una ACCIÓN amarilla.,35,0,1,4000,2024-09-20T15:50:49.000Z,,0.0,
cocoscap,¡Llegó la primavera a Cocos! ,11,0,1,3000,2024-09-20T14:03:54.000Z,,0.0,
cocoscap,"Qué es CHAINLINK? 

Conocé de qué trata uno de los proyectos más importantes de crypto, ya disponible para comprar y vender en 
@cocoscap",6,2,0,3000,2024-09-19T20:54:40.000Z,,0.0,
cocoscap,"¿Querés venir a casa a comer tortafritas y comprar MEP barato? 
*Enviar*",50,5,6,10000,2024-09-19T18:58:26.000Z,,0.0,
cocoscap,"¿Invertís en acciones pero no te animas a Cripto?

Si es tu caso, te comento 2 cositas:

1) No hace falta invertir muchísimo, podes empezar con el 1% de tu patrimonio 

2) Hay plataformas del mundo financiero tradicional reguladas que ofrecen cripto, por ej. 
@cocoscap",7,1,0,3000,2024-09-19T16:07:44.000Z,,0.0,
cocoscap,"Les dejo la carta astral de 
@arielsbdar
 
Era obvio, no? Se re notaba!

Feliz cumple loko!",43,1,9,9000,2024-09-19T15:19:15.000Z,,0.0,
cocoscap," INFO IMPORTANTE

 Recordá que nunca vamos a pedirte que nos compartas tu contraseña o datos sensibles por redes sociales. Tampoco te vamos a llamar por teléfono o contactar vía mensaje.

Para comunicarte con atención al cliente, ingresá a la sección soporte de la app o",22,4,3,6000,2024-09-17T13:30:03.000Z,,0.0,
cocoscap,Y este chad?,60,3,11,10000,2024-09-16T21:19:34.000Z,,0.0,
cocoscap,"La palabra financiera de la semana by 
@cocoscap",5,1,0,4000,2024-09-13T21:46:10.000Z,,0.0,
cocoscap,Ariel Sbdar agasajará con un asado a los 21 mil clientes que invierten en el FCI Cocos Ahorro Dólares.,438,16,68,40000,2024-09-13T18:56:50.000Z,,0.0,
cocoscap,¿Cómo se vería un chanchito con 50 palos verdes?,9,0,1,4000,2024-09-13T17:22:04.000Z,,0.0,
cocoscap,"Que no te agarre FOMO 

Si querés comprar Bitcoin, Ethereum y más criptomonedas de la manera más sencilla, en la app de 
@cocoscap
 ",2,1,0,3000,2024-09-12T18:38:02.000Z,,0.0,
cocoscap,$MOLI compra la marca Sibarita y su acción vale $3290!  Era todo lo que quería escuchar hoy ,7,1,6,5000,2024-09-12T16:50:50.000Z,,0.0,
cocoscap,"¡NO LA VES!  Si no entrás al blanqueo, es porque no la estas viendo...

 Mañana hacemos un webinar para despejar todas las dudas y mostrar por qué esta es LA oportunidad para regularizar tus activos.

Anotate acá para empezar a verla: 
bit.ly/3Tqum0e",4,1,4,3000,2024-09-11T18:19:20.000Z,,0.0,
cocoscap,¿Qué les impide hoy invertir en LECAPs? ,52,5,42,24000,2024-09-11T15:14:45.000Z,,0.0,
cocoscap," Dólar MEP en $1220, desde mayo no operábamos en esta zona.",116,7,8,13000,2024-09-09T18:54:04.000Z,,0.0,
cocoscap,"La diferencia entre #Bitcoin y el resto de las monedas del mundo es abismal... Sobre eso hablo en este video 

Y si querés aprender más, podés ver el curso que hice junto a 
@cocoscap
 en 
university.cocos.capital",14,2,0,4000,2024-09-06T18:15:16.000Z,,0.0,
cocoscap,Los que conocen saben,59,3,1,7000,2024-09-03T13:08:47.000Z,,0.0,
cocoscap,3 BILLONES DE PESOS OPERADOS EN RENTA FIJA! O SEA QUÉEE????? ,25,2,3,8000,2024-09-02T20:00:41.000Z,,0.0,
cocoscap,"Trader o inversor, da igual... Si la guita del blanqueo está durmiendo, perdiste.  Te tiro 3 activos para que la muevas como se debe 

$BPY26: TEA 18%, paga intereses semestralmente
$LOC2O: TEA 7,15%, paga intereses trimestralmente
$GD35: TEA 17,5%, paga intereses",63,7,7,15000,2024-09-02T19:42:27.000Z,,0.0,
cocoscap,FENÓMENO BARRIAL!,20,0,1,9000,2024-09-02T16:27:13.000Z,,0.0,
cocoscap,"Podés ser del 1% que vive del trading o del 99% que invierte a largo plazo. Lo importante es hacerlo con Cocos. 

¡Feliz día del Coco! ",31,3,2,4000,2024-09-02T16:10:39.000Z,,0.0,
cocoscap,¿Será que el blanqueo está haciendo volar los activos argentinos ? Te lo contamos en este video,14,2,9,5000,2024-09-02T12:47:19.000Z,,0.0,
cocoscap,Una buena de la tormenta de Santa Rosa: podés pasar tu sueldo a dólares sin salir de la cama con el dólar MEP 24/7 de Cocos ,10,0,3,5000,2024-08-31T18:13:25.000Z,,0.0,
cocoscap,"¡Saluden a Bernardo que se nos va! 

Otra semana más en la Cocos Pro Cup y ya estamos llegando al final. 

Los mejores traders sobrevivieron a los vaivenes del Merval, pero ¡solo uno ganará! 

¿Cuál es tu preferido?",14,4,2,6000,2024-08-30T21:43:19.000Z,,0.0,
cocoscap,"¿Curioso de saber cuánto podrías haber ganado si invertías en alguno de nuestros FCI? 

Estrenamos web con toda la info de nuestros Fondos y una calculadora de rendimientos. 

Spoiler: cuando veas los números de nuestros FCI vas a desear que sea lunes para suscribir!",17,2,0,4000,2024-08-30T21:14:37.000Z,,0.0,
cocoscap,"Fijate quiénes volvieron 
@LeanZicca
 ",25,2,2,8000,2024-08-30T17:55:59.000Z,,0.0,
cocoscap,"No entiendo si 
@CorralonC
 mandó a alguien a espiarnos o están revisando las chapas del galpón de al lado ",36,1,14,13000,2024-08-26T16:17:54.000Z,,0.0,
cocoscap,"Arrancamos la mañana con la triste noticia de que Juan Ignacio Sapag era un holograma y por ese motivo abandonó la competencia. 

Bueno, en verdad no sabemos si era o no un holograma, pero fue el más votado y quedó afuera de la Cocos Pro Cup. 

¡Quedan solo 4 traders y",29,1,19,13000,2024-08-26T13:50:21.000Z,,0.0,
cocoscap,"Hoy visitamos la planta de 
@Newsan
 en Tierra del Fuego junto a varios clientes de 
@cocoscap
 del segmento corporativo.
Vimos el proceso completo de producción de aires acondicionados del mayor productor del país, con +600 operarios por turno y una gran cantidad de máquinas. ",47,8,3,20000,2024-08-24T02:28:04.000Z,,0.0,
cocoscap,"Como ahorrar en los pases en el cerro catedral en Bariloche?

En el cerro catedral toman el usd a 1460$

Compran por ejemplo en 
@cocoscap
 a 1288$

Y ganas 172$ por dólar.

Compartido por 
@ellocowags
 en el grupo de viajeros por Argentina",94,5,7,44000,2024-08-23T22:16:28.000Z,,0.0,
cocoscap,"¡Ya quedan 5 participantes! 
 
Así está la cosa entre los competidores de la Cocos Pro Cup.  Hay 3 traders nominados para abandonar el juego y vos podés decidir quién se va. 
 
Ingresá al link y votá por quién querés que deje la Cocos Pro Cup: 
forms.gle/uoqu7yUTpTJPWB
…
 ",30,11,12,27000,2024-08-23T19:51:34.000Z,,0.0,
cocoscap,"O nos quedamos lamentándonos que no entendemos y que nadie nos explica o nos hacemos cargo y nos ponemos a estudiar para nuestro futuro 

Link de Cocos University: 
cocos.capital/university
Plataforma 100% gratuita que arranca de cero.  

Link de #AbriendoCocos la charla de",29,4,20,6000,2024-08-23T14:03:12.000Z,,0.0,
cocoscap,"No te pierdas la nueva palabra financiera del día de nuestros amigos de 
@cocoscap
 ",8,1,1,4000,2024-08-22T14:21:16.000Z,,0.0,
cocoscap,"Claro que sí! 

Si quieren más información sobre los activos en los que se puede invertir el dinero del blanqueo 
cocos.capital/blanqueo-de-ca
…",7,1,13,7000,2024-08-21T23:45:35.000Z,,0.0,
cocoscap,"¡Ya empezamos! 

Venite a escuchar y aprender de la mano de expertos en finanzas 

 
youtube.com/live/nggha_cd2
…",48,15,5,14000,2024-08-19T12:34:58.000Z,,0.0,
cocoscap,"¡Se va llenando esto! 

En minutos arrancamos 

Vení a ser parte del evento de educación financiera más grande del país! 
youtube.com/live/nggha_cd2
…",48,5,3,9000,2024-08-19T12:15:51.000Z,,0.0,
cocoscap,"¡Es hoy, es hoy! 

A las 9 arrancamos con el Abriendo Cocos, el evento de educación financiera más grande de Argentina 

Los esperamos a todos en: 
youtube.com/live/nggha_cd2
…",16,1,2,3000,2024-08-19T11:50:18.000Z,,0.0,
cocoscap,"Segundo día de construcción y ya estamos preparando el guiso oficial by 
@cocoscap",277,20,25,30000,2024-08-18T13:50:46.000Z,,0.0,
cocoscap,"¡Faltan solo 24hs para el evento más grande de educación financiera! 

¿Te lo vas a perder? 

Activá la campanita para no quedarte afuera: 
youtube.com/live/nggha_cd2
…",14,1,1,4000,2024-08-18T13:00:16.000Z,,0.0,
cocoscap,"Fin de la primera jornada construyendo 4 casas junto a 
@TECHOarg
 !

Un orgullo el equipo de Cocos
Mañana volvemos ",99,18,6,10000,2024-08-17T21:21:43.000Z,,0.0,
cocoscap,"Ahora mismo en barrio La Matera en Quilmes. Terminando el primer día de construcción de 4 casas de emergencia que estamos donando y construyendo con todo el gran equipo de 
@cocoscap
!

  ",715,44,69,60000,2024-08-17T18:49:56.000Z,,0.0,
cocoscap,"Ranking semanal de Cocos Pro Cup 

Parece que el mercado no planea hacersela fácil a los traders. 

¡Ya quedan solo 6 competidores! Tu favorito, ¿está el ranking? 

Mira el ranking completo en: 
cocos.capital/cocos-pro-cup",30,6,25,15000,2024-08-09T20:31:47.000Z,,0.0,
cocoscap,"-Che! Viste lo qué pasó?
-Uh, no me digas! ¿Ahora qué?
-No viste? El dólar Mep está a 1290 en Cocos!",44,3,22,7000,2024-08-09T17:39:23.000Z,,0.0,
cocoscap,"¿Sabías qué es el Mercado Primario? 

La primera inversión que tenemos que hacer es en educación financiera. En Cocos University, vas a poder aprender a invertir desde cero, de forma gratuita y a tu ritmo. 

Invertí en vos mismo para lograr tus objetivos financieros. ",15,0,11,7000,2024-08-08T21:40:57.000Z,,0.0,
cocoscap,"Traé tus dólares del exterior de la mejor manera 

Aprovechá esta nueva funcionalidad de 
@cocoscap
 y trae tu dinero en pocos clicks y con bajas comisiones ",11,5,9,9000,2024-08-08T18:32:05.000Z,,0.0,
cocoscap,"¡ATENCIÓN INSTITUCIONES EDUCATIVAS! 

Queremos invitarlos a formar parte del evento de educación financiera para jóvenes y adolescentes más grande en la historia de nuestro país. 

Para asistir solo tienen que inscribirse acá: 
forms.gle/UtDeDUVDmnsuui
…

¿Nos ayudan con un",42,17,17,13000,2024-08-07T21:49:19.000Z,,0.0,
cocoscap,"Hay dos tipos de personas:
Los que lloran apocalipsis por un mal día de mercado.
Y los que sabemos dónde invertir .",34,1,18,8000,2024-08-06T23:03:40.000Z,,0.0,
cocoscap,Parece que se suspende la apocalipsis ,100,9,11,15000,2024-08-06T20:28:16.000Z,,0.0,
cocoscap,"Lo piden, lo tienen! 
Educación financiera para todos. ",68,2,8,9000,2024-08-06T00:41:17.000Z,,0.0,
cocoscap,"Hicimos simple lo que era complicado, otra vez. Ahora podés traer tus dólares del exterior en un par de clicks y sin salir de tu casa. 

Estamos en todas, lo sé ",10,0,13,6000,2024-07-29T21:09:53.000Z,,0.0,
cocoscap,¿Están contentos ahora que todos tienen Cocos.Crypto? Cuentenme si ya operaron o si sólo lo querían de golosos ,21,2,18,9000,2024-07-29T19:47:46.000Z,,0.0,
cocoscap,"¡Ahora sí! Cocos.Crypto al alcance de tu mano.   

Buscanos en la app y diversificá  tus inversiones.",5,1,5,8000,2024-07-29T17:55:30.000Z,,0.0,
cocoscap," Semanas difíciles en el mercado hacen que los taders tengan que rebuscársela para no quedar afuera de la competencia. 

 Así quedó el ranking de la Cocos Pro Cup: 
cocos.capital/cocos-pro-cup

 Nos vamos acercando al final y la cosa se va poniendo cada vez más complicada,",27,8,24,12000,2024-07-26T21:11:12.000Z,,0.0,
cocoscap,Ahora vas a poder ver los datos bancarios a los cuales vas a tener que transferir los dólares que tenés en el exterior y acá el proceso es mega sencillo porque es realizar una transferencia a un banco desde la aplicación o billetera virtual en la que tengas tu plata. ,2,0,5,2000,2024-07-26T19:20:53.000Z,,0.0,
cocoscap,"La transferencia puede tardar máximo dos días hábiles y tiene un costo de 1% por transacción. Además, se cobra un monto fijo de 0,50 USD por transferencia a través de ACH. 

Los dólares los vas a ver como USDC y vas a poderlos invertir en lo que quieras! 

#Inversiones",2,0,4,1000,2024-07-26T19:20:54.000Z,,0.0,
cocoscap,"La transferencia puede tardar máximo dos días hábiles y tiene un costo de 1% por transacción. Además, se cobra un monto fijo de 0,50 USD por transferencia a través de ACH. 

Los dólares los vas a ver como USDC y vas a poderlos invertir en lo que quieras! ",1,0,2,2000,2024-07-26T19:18:36.000Z,,0.0,
cocoscap,"Charla exclusiva para nuestros clientes de Cocos Gold 

Repasamos el contexto macroeconómico para entender cómo optimizar las carteras de inversión. ",13,2,18,8000,2024-07-26T13:22:42.000Z,,0.0,
cocoscap,Feliz 24/7 para los que saben dónde invertir ,15,0,12,4000,2024-07-24T20:16:59.000Z,,0.0,
cocoscap,"Primero y principal, tenés que tener descargada  la app de Cocos y tener tu cuenta comitente ya habilitada.

Una vez que ya hiciste ese paso, vas a transferir pesos desde tu cuenta bancaria a tu cuenta en Cocos copiando el alias. 

Asegurate de que ambas cuentas estén a tu",4,0,8,6000,2024-07-15T15:27:20.000Z,,0.0,
cocoscap,"En la pantalla de inicio de la app, apretas el botón de ""Dólar MEP"". 

Ingresas la cantidad de pesos que querés convertir a dólares MEP.

Confirmas la operación y ¡listo! 

Ahora solo queda esperar 24hs  para que tus dólares estén disponibles en tu cuenta y puedas",9,1,24,15000,2024-07-15T15:27:21.000Z,,0.0,
cocoscap,El mercado me dio más de lo que alguna vez le pude pedir ,24,0,10,6000,2024-07-14T21:01:30.000Z,,0.0,
cocoscap,"Y el activo más votado por todos en esta Copa Merval fue.... 

¡ $PAMP! 

¡Felicitaciones a todos los que apoyaron a Pampa durante toda la competencia! ",17,0,5,5000,2024-07-12T22:42:02.000Z,,0.0,
cocoscap,"Entramos en la última hora de votación.

¿Cuál será el activo amado por todos? ",6,1,6,6000,2024-07-12T20:44:48.000Z,,0.0,
cocoscap,"¡Se terminó la primera semana de la COCOS PRO CUP!

La semana que viene alguien abandona el torneo. ¿Quién será? 

¿A quién votaste como ganador?  Contanos acá abajo a ver si ya hay un favorito. 

Así quedó el ranking ",36,16,11,39000,2024-07-12T20:36:21.000Z,,0.0,
cocoscap,"Seguí el torneo en
cocos.capital/cocos-pro-cup",1,0,1,3000,2024-07-12T20:36:22.000Z,,0.0,
cocoscap,"Tengo $1500, ¿qué me puedo comprar en Cocos?

Los leo! ",34,1,52,16000,2024-07-12T18:52:26.000Z,,0.0,
cocoscap,"GENTE, TENEMOS FINAL DE LA COPA MERVAL! 

Dos grandes, dos pesos pesados del Merval se enfrentan para ver cuál es el activo más querido por el público. 
De un lado, $GGAL, un banco que últimamente ha dado mucho de qué hablar. Del otro, $PAMP, la empresa de energía más",17,3,3,13000,2024-07-12T17:37:46.000Z,,0.0,
cocoscap,"Hermosa mañana, ¿verdad? ",50,3,14,5000,2024-07-10T13:24:21.000Z,,0.0,
cocoscap,Y ahora a descansar que mañana hay que reinvertir la plata del AL30! ,43,2,4,7000,2024-07-10T02:35:13.000Z,,0.0,
cocoscap,Significa que ya está pagado! Revisen sus cuentas ,12,0,0,5000,2024-07-10T02:16:07.000Z,,0.0,
cocoscap,Mi cara cuando veo que Cocos ya pagó el AL30,130,6,13,8000,2024-07-10T01:59:52.000Z,,0.0,
cocoscap,"ARGENTINA EN LA FINAL! 

Y si tenés AL30, tu renta ya está en tu cuenta ",105,5,4,9000,2024-07-10T01:58:09.000Z,,0.0,
cocoscap,A primera hora de mañana ,39,2,6,14000,2024-07-10T00:57:17.000Z,,0.0,
cocoscap,"Nada más patrio que cerrar el día comiendo locro, viendo a la selección y esperando el pago del AL30. 

¡Aguante Argentina! ",43,1,4,4000,2024-07-09T23:27:45.000Z,,0.0,
cocoscap,¿Qué te da más ansiedad?,9,3,12,8000,2024-07-09T22:48:29.000Z,,0.0,
cocoscap,"Invertimos en Argentina para que más personas logren su independencia financiera.

¡Feliz día de la patria! ",18,1,2,3000,2024-07-09T13:30:33.000Z,,0.0,
cocoscap,"¡TENEMOS A LOS SEMIFINALISTAS DE LA COPA MERVAL! 

Los cruces son ¡IN-CRE-Í-BLES! 

Galicia vs Cresud 
Apple vs Pampa 

¿Quién ganará? Voten a su activo favorito para ver cuál es el más amado por la comunidad ",9,0,2,4000,2024-07-08T22:26:32.000Z,,0.0,
cocoscap,SEMIFINAL 1: GALPONES vs. BANCOS,2,0,1,2000,2024-07-08T22:26:35.000Z,,0.0,
cocoscap,SEMIFINAL 2: CEDEARS vs. ENERGÉTICAS,2,0,0,2000,2024-07-08T22:26:36.000Z,,0.0,
cocoscap,"Armar una cartera de inversión puede ser algo difícil. Por suerte, el equipo de Cocos Gold va a estar brindando esta charla abierta y gratuita para que te lleves la mejor información sobre inversiones y optimices tu portafolio.

Para participar, inscribite en:",8,0,0,2000,2024-07-08T18:58:33.000Z,,0.0,
cocoscap,"En verdad... Es lo mismo, pero comprando en contado inmediato vas a recibir las rentas del AL30 el miércoles bien temprano ",3,0,7,5000,2024-07-08T16:44:04.000Z,,0.0,
cocoscap,Invertimos en tecnología para que puedas operar dólar mep todo el fin de semana ,15,2,7,5000,2024-07-05T22:26:30.000Z,,0.0,
cocoscap,"¡Ya tenemos a los traders seleccionados para la copa Cocos Pro Cup! 

Entrá a la web del torneo para conocerlos, votar por tu favorito y ¡participar de un sorteo por AL30! 

: 
cocos.capital/cocos-pro-cup",20,12,10,18000,2024-07-05T20:56:09.000Z,,0.0,
cocoscap,"Dibu, ¿qué hacemos con nuestros ahorros?

COCOS DIBU COCOS 

OA OA",17,1,2,4000,2024-07-05T19:23:34.000Z,,0.0,
